,Symbol,Series,Date,Prev Close,Open Price,High Price,Low Price,Last Price,Close Price,Average Price,Total Traded Quantity,Turnover,No. of Trades,Deliverable Qty,% Dly Qt to Traded Qty,Month,Year,VWAP,Day_Perc_Change,Trend
0,TCS,EQ,15-May-17,2360.65,2375.1,2377.95,2341.6,2368.0,2365.1,2352.6,908802,2138043383.0,30047,712450,78.39,5,2017,2365.1,0.0,Slight positive
1,TCS,EQ,16-May-17,2365.1,2380.0,2435.0,2373.45,2425.1,2429.15,2410.26,1800513,4339703206.0,58476,1167534,64.84,5,2017,2407.665319148936,0.027081307344298367,Slight positive
2,TCS,EQ,17-May-17,2429.15,2433.5,2460.75,2423.0,2450.0,2455.35,2443.31,1438099,3513728630.0,86412,1031752,71.74,5,2017,2424.199789025161,0.010785665767861108,Slight positive
3,TCS,EQ,18-May-17,2455.35,2450.0,2572.0,2442.25,2525.0,2536.2,2525.78,2569297,6489478325.0,111566,1135613,44.2,5,2017,2467.042455034912,0.03292809579082401,Slight positive
4,TCS,EQ,19-May-17,2536.2,2536.2,2540.55,2486.0,2503.85,2507.15,2506.58,893022,2238429863.0,63112,517461,57.94,5,2017,2471.749179964658,-0.011454143994952926,Slight positive
5,TCS,EQ,22-May-17,2507.15,2510.0,2553.75,2510.0,2535.0,2531.35,2530.69,831970,2105461143.0,53261,509741,61.27,5,2017,2477.6231243861575,0.00965239415272312,Slight positive
6,TCS,EQ,23-May-17,2531.35,2533.2,2564.15,2514.0,2523.7,2521.7,2530.49,1374298,3477645339.0,88749,995551,72.44,5,2017,2483.794146781362,-0.003812195073774949,Slight positive
7,TCS,EQ,24-May-17,2521.7,2534.8,2570.0,2529.65,2567.1,2559.15,2545.01,1267274,3225227837.0,58716,918505,72.48,5,2017,2492.4104189149866,0.014851092516952935,Slight positive
8,TCS,EQ,25-May-17,2559.15,2577.0,2637.55,2568.0,2615.05,2624.6,2605.4,2047047,5333377224.0,87147,1180439,57.67,5,2017,2513.0190746197995,0.025574897915323413,Slight positive
9,TCS,EQ,26-May-17,2624.6,2625.0,2626.85,2564.65,2570.05,2578.25,2593.0,681275,1766542911.0,32170,390827,57.37,5,2017,2516.2366749225303,-0.01765983387944825,Slight positive
10,TCS,EQ,29-May-17,2578.25,2579.0,2596.5,2564.0,2572.0,2572.85,2577.65,874645,2254524744.0,41767,635375,72.64,5,2017,2519.6083040780613,-0.0020944439057500874,Slight positive
11,TCS,EQ,30-May-17,2572.85,2560.0,2575.95,2525.0,2548.2,2551.1,2554.74,463817,1184932112.0,26766,246206,53.08,5,2017,2520.572418074411,-0.00845366033775774,Slight positive
12,TCS,EQ,31-May-17,2551.1,2533.0,2572.5,2528.0,2539.95,2546.6,2549.69,1251365,3190589291.0,103176,925467,73.96,5,2017,2522.5582215666145,-0.0017639449649170524,Slight positive
13,TCS,EQ,1-Jun-17,2546.6,2530.0,2564.0,2530.0,2553.0,2553.6,2552.85,540032,1378618493.0,38315,370004,68.52,6,2017,2523.5477205619154,0.002748763056624526,Slight positive
14,TCS,EQ,2-Jun-17,2553.6,2556.25,2591.85,2552.5,2560.0,2564.9,2568.84,677824,1741220234.0,43736,511928,75.53,6,2017,2525.1385669221436,0.004425125313283207,Slight positive
15,TCS,EQ,5-Jun-17,2564.9,2565.0,2619.9,2560.15,2616.0,2603.95,2577.2,750094,1933140403.0,39041,490594,65.4,6,2017,2528.3567486132074,0.015224765098054371,Slight positive
16,TCS,EQ,6-Jun-17,2603.95,2631.0,2708.95,2630.0,2705.0,2696.0,2693.18,2973360,8007780799.0,132494,1888281,63.51,6,2017,2551.711944716173,0.035350141131742285,Slight positive
17,TCS,EQ,7-Jun-17,2696.0,2697.0,2700.0,2576.55,2613.95,2615.25,2624.95,2463888,6467588529.0,109104,1265805,51.37,6,2017,2558.287873546276,-0.02995178041543023,Slight positive
18,TCS,EQ,8-Jun-17,2615.25,2598.0,2604.95,2515.5,2520.0,2521.6,2543.44,1665357,4235730503.0,80468,678314,40.73,6,2017,2555.8892217954476,-0.035809196061562076,Slight positive
19,TCS,EQ,9-Jun-17,2521.6,2520.0,2547.4,2486.0,2518.6,2507.0,2513.28,1574017,3955950265.0,83931,599286,38.07,6,2017,2553.0439774856136,-0.0057899746192893176,Slight positive
20,TCS,EQ,12-Jun-17,2507.0,2497.0,2512.9,2470.4,2484.9,2487.2,2487.48,813253,2022948074.0,44849,306655,37.71,6,2017,2551.121893648318,-0.00789788591942564,Slight positive
21,TCS,EQ,13-Jun-17,2487.2,2465.0,2481.1,2447.0,2450.0,2451.55,2464.89,587707,1448635342.0,52410,268108,45.62,6,2017,2549.06476321579,-0.014333386941138504,Slight positive
22,TCS,EQ,14-Jun-17,2451.55,2455.0,2476.0,2455.0,2465.4,2470.2,2469.41,744571,1838650964.0,42987,456486,61.31,6,2017,2547.053206382455,0.007607432032795458,Slight positive
23,TCS,EQ,15-Jun-17,2470.2,2469.0,2469.7,2405.0,2410.0,2411.2,2427.94,1498599,3638509043.0,65157,1140716,76.12,6,2017,2540.419493662229,-0.023884705691846864,Slight positive
24,TCS,EQ,16-Jun-17,2411.2,2414.95,2435.0,2386.5,2395.0,2399.7,2402.96,1225213,2944142144.0,72001,709697,57.92,6,2017,2535.017346657355,-0.004769409422694104,Slight positive
25,TCS,EQ,19-Jun-17,2399.7,2416.9,2446.35,2405.15,2432.0,2431.7,2430.5,822371,1998776222.0,53034,493678,60.03,6,2017,2532.4220157778295,0.013335000208359427,Slight positive
26,TCS,EQ,20-Jun-17,2431.7,2431.0,2449.0,2380.3,2443.6,2445.0,2427.14,835479,2027828499.0,56385,443227,53.05,6,2017,2530.2464923767,0.0054694246823210335,Slight positive
27,TCS,EQ,21-Jun-17,2445.0,2440.0,2442.15,2397.2,2406.75,2406.3,2412.24,828909,1999530130.0,60134,488457,58.93,6,2017,2527.2600360550687,-0.01582822085889568,Slight positive
28,TCS,EQ,22-Jun-17,2406.3,2409.0,2431.0,2385.0,2391.45,2394.85,2403.02,2887941,6939787421.0,51314,2442403,84.57,6,2017,2517.0054913511894,-0.004758342683788497,Slight positive
29,TCS,EQ,23-Jun-17,2394.85,2399.4,2413.95,2354.0,2359.8,2361.7,2388.78,712378,1701711236.0,52090,347676,48.8,6,2017,2514.0941971743537,-0.013842203060734581,Slight positive
30,TCS,EQ,27-Jun-17,2361.7,2350.6,2384.7,2331.6,2348.0,2342.85,2357.33,987165,2327075045.0,61242,613618,62.16,6,2017,2509.758519046191,-0.00798153872210694,Slight positive
31,TCS,EQ,28-Jun-17,2342.85,2349.9,2358.0,2335.0,2346.25,2350.05,2345.89,894863,2099251694.0,46724,653390,73.02,6,2017,2506.1752362782036,0.0030731801011589788,Slight positive
32,TCS,EQ,29-Jun-17,2350.05,2359.0,2372.05,2323.1,2328.95,2333.25,2342.52,1235913,2895151089.0,41555,909603,73.6,6,2017,2500.977797395393,-0.007148784068424119,Slight positive
33,TCS,EQ,30-Jun-17,2333.25,2324.4,2377.0,2323.1,2361.0,2362.35,2361.01,876924,2070428288.0,45339,543014,61.92,6,2017,2498.0831804865375,0.012471873995499871,Slight positive
34,TCS,EQ,3-Jul-17,2362.35,2357.4,2383.05,2343.1,2371.0,2373.6,2368.46,737978,1747872336.0,39614,492755,66.77,7,2017,2495.9335305588406,0.004762207124261897,Slight positive
35,TCS,EQ,4-Jul-17,2373.6,2373.3,2380.45,2350.05,2360.8,2366.85,2366.9,607567,1438053125.0,24611,339629,55.9,7,2017,2494.1240755961767,-0.0028437815975732583,Slight positive
36,TCS,EQ,5-Jul-17,2366.85,2360.8,2365.0,2345.0,2358.0,2356.0,2354.42,407928,960433302.5,22153,216685,53.12,7,2017,2492.8362194686697,-0.004584151931892544,Slight positive
37,TCS,EQ,6-Jul-17,2356.0,2359.0,2361.9,2340.1,2350.05,2347.55,2348.75,513394,1205834807.0,26826,342973,66.81,7,2017,2491.151129502117,-0.0035865874363326666,Slight positive
38,TCS,EQ,7-Jul-17,2347.55,2350.0,2356.45,2325.5,2332.0,2331.95,2343.49,616045,1443697743.0,52731,417958,67.85,7,2017,2488.9658657792343,-0.006645225873783467,Slight positive
39,TCS,EQ,10-Jul-17,2331.95,2341.0,2444.9,2341.0,2435.0,2434.95,2426.54,398392,966714360.9,12486,188289,47.26,7,2017,2488.490597209683,0.044169043075537706,Slight positive
40,TCS,EQ,11-Jul-17,2434.95,2426.0,2514.8,2426.0,2482.5,2475.8,2478.13,1768752,4383194953.0,96054,937311,52.99,7,2017,2488.0134922309526,0.016776525185322244,Slight positive
41,TCS,EQ,12-Jul-17,2475.8,2482.5,2483.3,2430.1,2441.0,2439.45,2453.34,1323225,3246316255.0,62259,926229,70.0,7,2017,2486.684989459395,-0.014682122950157694,Slight positive
42,TCS,EQ,13-Jul-17,2439.45,2445.0,2472.0,2426.6,2439.0,2446.4,2449.5,1565980,3835873018.0,64700,819249,52.32,7,2017,2485.421676382364,0.002849002849002913,Slight positive
43,TCS,EQ,14-Jul-17,2446.4,2383.0,2425.0,2375.0,2399.1,2397.45,2396.18,2254216,5401499336.0,95561,853385,37.86,7,2017,2481.6220159779627,-0.02000899280575552,Slight positive
44,TCS,EQ,17-Jul-17,2397.45,2397.7,2422.1,2382.2,2397.1,2395.45,2402.63,1105911,2657095372.0,49251,668063,60.41,7,2017,2479.8339384045944,-0.0008342196917557887,Slight positive
45,TCS,EQ,18-Jul-17,2395.45,2396.15,2443.0,2396.15,2415.1,2408.35,2418.05,954001,2306823903.0,67981,587896,61.62,7,2017,2478.57688946004,0.005385209459600526,Slight positive
46,TCS,EQ,19-Jul-17,2408.35,2415.5,2460.0,2415.1,2449.25,2449.6,2442.01,1957788,4780943653.0,87419,1244355,63.56,7,2017,2477.5675999781456,0.01712790914941764,Slight positive
47,TCS,EQ,20-Jul-17,2449.6,2449.25,2456.9,2430.5,2437.0,2444.7,2441.25,591252,1443393894.0,23307,305250,51.63,7,2017,2477.22546735317,-0.0020003265839321216,Slight positive
48,TCS,EQ,21-Jul-17,2444.7,2434.9,2500.0,2434.55,2496.0,2491.2,2473.18,1074208,2656704863.0,64460,652870,60.78,7,2017,2477.4848511140226,0.019020738740949783,Slight positive
49,TCS,EQ,24-Jul-17,2491.2,2482.0,2540.0,2482.0,2535.0,2530.7,2519.47,1135701,2861364170.0,68968,749335,65.98,7,2017,2478.5090315409593,0.015855812459858676,Slight positive
50,TCS,EQ,25-Jul-17,2530.7,2525.75,2580.0,2518.4,2579.0,2571.5,2552.41,1339416,3418736145.0,93466,915489,68.35,7,2017,2480.5729185433884,0.016122021575058376,Slight positive
51,TCS,EQ,26-Jul-17,2571.5,2560.0,2575.0,2547.0,2552.0,2556.0,2559.66,729913,1868329653.0,38234,464420,63.63,7,2017,2481.47429632098,-0.006027610344157108,Slight positive
52,TCS,EQ,27-Jul-17,2556.0,2542.2,2584.8,2466.5,2477.0,2481.7,2499.85,2127652,5318805858.0,58582,1376530,64.7,7,2017,2481.4818939275033,-0.029068857589984454,Slight positive
53,TCS,EQ,28-Jul-17,2481.7,2481.0,2493.05,2442.0,2484.95,2484.3,2467.41,691376,1705908235.0,55534,349700,50.58,7,2017,2481.512385830306,0.0010476689366161196,Slight positive
54,TCS,EQ,31-Jul-17,2484.3,2471.0,2519.0,2463.0,2494.95,2491.8,2490.03,1009831,2514510450.0,59801,555095,54.97,7,2017,2481.6724397902944,0.00301895906291505,Slight positive
55,TCS,EQ,1-Aug-17,2491.8,2500.0,2520.75,2491.0,2495.15,2501.65,2502.14,873730,2186195097.0,42188,620303,70.99,8,2017,2481.937787701163,0.0039529657275865215,Slight positive
56,TCS,EQ,2-Aug-17,2501.65,2500.0,2508.0,2462.0,2475.0,2473.8,2484.51,625512,1554089627.0,44731,366332,58.57,8,2017,2481.861134938233,-0.011132652449383329,Slight positive
57,TCS,EQ,3-Aug-17,2473.8,2480.0,2502.0,2466.45,2490.05,2489.45,2486.75,941274,2340709564.0,39294,732362,77.81,8,2017,2481.9671984740107,0.006326299620017739,Slight positive
58,TCS,EQ,4-Aug-17,2489.45,2490.8,2528.3,2488.0,2525.0,2522.8,2510.86,693945,1742396092.0,31371,340218,49.03,8,2017,2482.3836413538766,0.013396533370825026,Slight positive
59,TCS,EQ,7-Aug-17,2522.8,2516.5,2520.0,2481.2,2507.4,2503.45,2491.28,942760,2348682444.0,29848,699856,74.23,8,2017,2482.6715374461896,-0.007670049151736302,Slight positive
60,TCS,EQ,8-Aug-17,2503.45,2512.0,2528.6,2496.3,2500.15,2503.05,2507.64,536979,1346550397.0,24609,309875,57.71,8,2017,2482.8289380558454,-0.00015977950428391896,Slight positive
61,TCS,EQ,9-Aug-17,2503.05,2500.0,2522.85,2493.3,2508.35,2512.0,2511.32,496473,1246803082.0,33860,316032,63.66,8,2017,2483.0357783704276,0.003575637721979108,Slight positive
62,TCS,EQ,10-Aug-17,2512.0,2509.0,2520.6,2486.35,2520.0,2511.45,2499.22,763086,1907116797.0,37900,507304,66.48,8,2017,2483.342108049826,-0.0002189490445860809,Slight positive
63,TCS,EQ,11-Aug-17,2511.45,2499.9,2535.0,2483.0,2492.65,2496.05,2503.79,697368,1746060388.0,41945,327636,46.98,8,2017,2483.466089712305,-0.006131915825518974,Slight positive
64,TCS,EQ,14-Aug-17,2496.05,2503.0,2509.9,2463.0,2468.0,2469.4,2487.26,393252,978120247.9,29766,227374,57.82,8,2017,2483.3891264509593,-0.010676869453736915,Slight positive
65,TCS,EQ,16-Aug-17,2469.4,2484.0,2543.8,2465.2,2490.15,2492.35,2487.66,686670,1708202481.0,44396,437761,63.75,8,2017,2483.4739288209844,0.009293755568154038,Slight positive
66,TCS,EQ,17-Aug-17,2492.35,2500.7,2505.0,2462.1,2485.55,2485.65,2480.04,876187,2172977685.0,40452,613453,70.01,8,2017,2483.499892518618,-0.0026882259714726686,Slight positive
67,TCS,EQ,18-Aug-17,2485.65,2474.0,2549.9,2471.4,2515.0,2513.8,2520.86,1418678,3576281722.0,77980,837580,59.04,8,2017,2484.0741605006624,0.011325005531752197,Slight positive
68,TCS,EQ,21-Aug-17,2513.8,2505.5,2549.0,2494.3,2513.2,2528.8,2534.62,1152417,2920941548.0,54265,747946,64.9,8,2017,2484.7523006937636,0.0059670618187603885,Slight positive
69,TCS,EQ,22-Aug-17,2528.8,2523.0,2539.5,2492.0,2500.0,2497.55,2516.08,565663,1423251638.0,35029,287383,50.8,8,2017,2484.8468418276216,-0.012357639987345737,Slight positive
70,TCS,EQ,23-Aug-17,2497.55,2505.0,2516.8,2473.15,2491.6,2489.45,2487.52,781136,1943093967.0,39129,512785,65.65,8,2017,2484.8933260679764,-0.0032431783147486293,Slight positive
71,TCS,EQ,24-Aug-17,2489.45,2497.7,2517.95,2486.15,2498.05,2496.6,2495.82,811954,2026487436.0,42614,596982,73.52,8,2017,2485.0149315673584,0.0028721203478681012,Slight positive
72,TCS,EQ,28-Aug-17,2496.6,2504.6,2505.4,2461.0,2491.0,2487.3,2479.76,1018398,2525378755.0,54931,696983,68.44,8,2017,2485.0443204588996,-0.003725066089882101,Slight positive
73,TCS,EQ,29-Aug-17,2487.3,2482.0,2496.0,2463.95,2475.05,2470.85,2472.97,656301,1623010551.0,23498,432172,65.85,8,2017,2484.927639666891,-0.006613597073131583,Slight positive
74,TCS,EQ,30-Aug-17,2470.85,2481.0,2490.0,2460.1,2485.0,2484.55,2478.46,485391,1203020937.0,24262,240993,49.65,8,2017,2484.925357650873,0.005544650626302827,Slight positive
75,TCS,EQ,31-Aug-17,2484.55,2485.0,2504.4,2466.65,2498.0,2496.35,2489.91,892332,2221830191.0,47192,591710,66.31,8,2017,2485.05087982656,0.004749350989112555,Slight positive
76,TCS,EQ,1-Sep-17,2496.35,2480.0,2498.05,2436.55,2460.6,2456.45,2452.84,851165,2087770465.0,40185,447974,52.63,9,2017,2484.754248669577,-0.01598333567007837,Slight positive
77,TCS,EQ,4-Sep-17,2456.45,2453.1,2461.0,2438.0,2457.0,2456.2,2452.06,531272,1302711214.0,29763,314907,59.27,9,2017,2484.570591060256,-0.00010177288363288906,Slight positive
78,TCS,EQ,5-Sep-17,2456.2,2460.0,2490.0,2437.05,2484.65,2484.35,2463.13,582997,1435996999.0,27861,390654,67.01,9,2017,2484.569045019407,0.01146079309502479,Slight positive
79,TCS,EQ,6-Sep-17,2484.35,2468.15,2474.85,2450.0,2453.0,2453.2,2454.77,614382,1508166252.0,37430,428731,69.78,9,2017,2484.3390541281065,-0.01253849095336812,Slight positive
80,TCS,EQ,7-Sep-17,2453.2,2458.0,2468.4,2451.05,2460.0,2460.1,2458.6,435318,1070273155.0,35496,314028,72.14,9,2017,2484.2137853413683,0.002812652861568621,Slight positive
81,TCS,EQ,8-Sep-17,2460.1,2453.75,2474.0,2452.55,2465.15,2470.6,2466.13,510567,1259126114.0,26980,354180,69.37,9,2017,2484.1317638374085,0.004268119182146979,Slight positive
82,TCS,EQ,11-Sep-17,2470.6,2471.2,2482.95,2450.0,2455.0,2454.45,2463.39,366382,902539941.4,17519,260179,71.01,9,2017,2484.003988710553,-0.00653687363393507,Slight positive
83,TCS,EQ,12-Sep-17,2454.45,2473.9,2497.0,2457.0,2497.0,2488.45,2469.62,698230,1724359523.0,25758,552659,79.15,9,2017,2484.0401665955633,0.013852390555929128,Slight positive
84,TCS,EQ,13-Sep-17,2488.45,2500.0,2531.65,2475.2,2492.7,2489.2,2504.48,639490,1601590314.0,32185,345028,53.95,9,2017,2484.078336311088,0.0003013924330406148,Slight positive
85,TCS,EQ,14-Sep-17,2489.2,2482.0,2497.6,2471.9,2485.0,2486.95,2484.2,540755,1343342208.0,38222,389170,71.97,9,2017,2484.0961878398402,-0.0009039048690342444,Slight positive
86,TCS,EQ,15-Sep-17,2486.95,2499.0,2517.0,2485.0,2504.0,2506.05,2503.39,1472036,3685085664.0,57885,1204007,81.79,9,2017,2484.461514941887,0.0076800900701663455,Slight positive
87,TCS,EQ,18-Sep-17,2506.05,2504.95,2518.95,2489.25,2505.0,2499.05,2502.71,363300,909233455.5,34868,240697,66.25,9,2017,2484.5211839939393,-0.002793240358332838,Slight positive
88,TCS,EQ,19-Sep-17,2499.05,2505.0,2505.0,2491.5,2498.0,2498.25,2496.55,391377,977092538.4,14036,296891,75.86,9,2017,2484.581411173408,-0.0003201216462256351,Slight positive
89,TCS,EQ,20-Sep-17,2498.25,2514.0,2514.0,2474.3,2496.0,2493.55,2485.89,667321,1658884674.0,21548,536043,80.33,9,2017,2484.647997741614,-0.001881316921845233,Slight positive
90,TCS,EQ,21-Sep-17,2493.55,2491.05,2541.0,2480.0,2525.0,2524.9,2509.94,1219370,3060544846.0,44213,843424,69.17,9,2017,2485.186761699144,0.012572436887168914,Slight positive
91,TCS,EQ,22-Sep-17,2524.9,2519.9,2526.9,2492.0,2509.0,2503.6,2508.22,1217698,3054249816.0,47174,887364,72.87,9,2017,2485.4296344530426,-0.00843597766248172,Slight positive
92,TCS,EQ,25-Sep-17,2503.6,2496.55,2534.0,2492.75,2510.0,2510.75,2515.11,799779,2011528454.0,50797,499966,62.51,9,2017,2485.647106186548,0.0028558875219684143,Slight positive
93,TCS,EQ,26-Sep-17,2510.75,2510.0,2526.4,2466.0,2475.0,2474.65,2485.79,724615,1801238878.0,30740,496026,68.45,9,2017,2485.562191628714,-0.01437817385243445,Slight positive
94,TCS,EQ,27-Sep-17,2474.65,2490.0,2512.2,2473.75,2495.1,2495.0,2495.71,1005178,2508634483.0,37197,646194,64.29,9,2017,2485.66221084612,0.00822338512516918,Slight positive
95,TCS,EQ,28-Sep-17,2495.0,2494.7,2514.0,2452.0,2472.75,2476.45,2480.49,2166433,5373819971.0,89294,1630581,75.27,9,2017,2485.4564937724713,-0.007434869739479044,Slight positive
96,TCS,EQ,29-Sep-17,2476.45,2479.0,2484.0,2421.5,2437.6,2435.95,2455.42,992507,2437024637.0,60239,705264,71.06,9,2017,2484.9551489913733,-0.016354055199983897,Slight positive
97,TCS,EQ,3-Oct-17,2435.95,2440.0,2454.3,2427.05,2452.0,2448.45,2440.87,961503,2346905981.0,57917,685041,71.25,10,2017,2484.60049436041,0.005131468215685775,Slight positive
98,TCS,EQ,4-Oct-17,2448.45,2449.6,2454.0,2425.0,2442.0,2442.3,2440.46,650389,1587250046.0,31490,469306,72.16,10,2017,2484.3243254384697,-0.0025117931752740574,Slight positive
99,TCS,EQ,5-Oct-17,2442.3,2441.0,2443.45,2424.4,2430.0,2429.6,2434.97,842343,2051077541.0,21566,693866,82.37,10,2017,2483.8654775110804,-0.005200016378004491,Slight positive
100,TCS,EQ,6-Oct-17,2429.6,2430.0,2455.0,2428.05,2451.0,2446.65,2443.5,694594,1697239803.0,31692,487487,70.18,10,2017,2483.609935903161,0.007017616068488719,Slight positive
101,TCS,EQ,9-Oct-17,2446.65,2441.05,2467.95,2441.05,2449.1,2454.1,2457.72,886808,2179528945.0,30973,714603,80.58,10,2017,2483.3534791575316,0.0030449798704350606,Slight positive
102,TCS,EQ,10-Oct-17,2454.1,2455.0,2469.95,2451.25,2453.4,2459.25,2459.75,611005,1502919509.0,32806,477108,78.09,10,2017,2483.2100134580064,0.002098528992298565,Slight positive
103,TCS,EQ,11-Oct-17,2459.25,2460.0,2514.45,2456.75,2500.0,2500.35,2494.35,763873,1905365312.0,39551,473024,61.92,10,2017,2483.336613980287,0.01671241232082954,Slight positive
104,TCS,EQ,12-Oct-17,2500.35,2513.0,2555.0,2507.0,2546.9,2548.2,2529.48,2503178,6331734421.0,55773,1654922,66.11,10,2017,2484.86949534002,0.01913732077509156,Slight positive
105,TCS,EQ,13-Oct-17,2548.2,2548.2,2608.95,2523.0,2559.75,2558.6,2562.16,2033160,5209287767.0,83968,623802,30.68,10,2017,2486.258100135743,0.0040813122988776485,Slight positive
106,TCS,EQ,16-Oct-17,2558.6,2555.05,2590.0,2555.05,2587.0,2584.4,2577.86,609295,1570677295.0,50285,381873,62.67,10,2017,2486.8089049188416,0.010083639490346297,Slight positive
107,TCS,EQ,17-Oct-17,2584.4,2585.0,2614.95,2577.55,2594.6,2594.55,2598.37,721508,1874743481.0,33284,421119,58.37,10,2017,2487.5202190152245,0.00392741061755153,Slight positive
108,TCS,EQ,18-Oct-17,2594.55,2595.0,2613.65,2580.0,2592.0,2586.6,2588.24,757072,1959481782.0,27424,556509,73.51,10,2017,2488.2018713123125,-0.003064115164479464,Slight positive
109,TCS,EQ,19-Oct-17,2586.6,2592.0,2595.8,2571.0,2583.4,2583.9,2581.96,43411,112085629.9,2351,13869,31.95,10,2017,2488.2396087686284,-0.0010438413361167909,Slight positive
110,TCS,EQ,23-Oct-17,2583.9,2584.0,2629.0,2547.45,2590.0,2587.9,2599.06,943044,2451028659.0,58735,720214,76.37,10,2017,2489.0860940488255,0.0015480475250591041,Slight positive
111,TCS,EQ,24-Oct-17,2587.9,2620.0,2620.9,2569.05,2575.0,2578.4,2581.12,669510,1728088703.0,44454,495808,74.06,10,2017,2489.6214344967066,-0.003670930097762648,Slight positive
112,TCS,EQ,25-Oct-17,2578.4,2578.5,2614.0,2555.0,2560.0,2559.9,2580.66,552553,1425951633.0,38719,362115,65.53,10,2017,2489.9673799663947,-0.007174992243251577,Slight positive
113,TCS,EQ,26-Oct-17,2559.9,2535.1,2569.15,2517.9,2531.7,2538.85,2541.16,1503776,3821328695.0,52192,1032027,68.63,10,2017,2490.6135830234516,-0.008222977460057068,Slight positive
114,TCS,EQ,27-Oct-17,2538.85,2538.0,2593.15,2530.3,2580.0,2584.3,2567.39,704635,1809074619.0,34346,505106,71.68,10,2017,2491.1903366727975,0.01790180593575852,Slight positive
115,TCS,EQ,30-Oct-17,2584.3,2586.0,2620.0,2581.7,2615.1,2616.2,2606.79,568626,1482289818.0,21542,350603,61.66,10,2017,2491.808306971944,0.01234376813837379,Slight positive
116,TCS,EQ,31-Oct-17,2616.2,2601.3,2640.0,2601.3,2618.75,2624.0,2627.82,796317,2092579457.0,45128,558622,70.15,10,2017,2492.717155002198,0.0029814234385749927,Slight positive
117,TCS,EQ,1-Nov-17,2624.0,2624.0,2626.85,2578.85,2607.75,2602.85,2593.88,370941,962175485.8,28138,196048,52.85,11,2017,2493.0687430925927,-0.008060213414634143,Slight positive
118,TCS,EQ,2-Nov-17,2602.85,2608.5,2674.0,2606.75,2623.05,2626.15,2639.78,734211,1938158859.0,29980,406095,55.31,11,2017,2493.9043743203893,0.008951725992661919,Slight positive
119,TCS,EQ,3-Nov-17,2626.15,2632.4,2636.7,2602.8,2622.0,2620.1,2619.76,333443,873540922.1,29606,214694,64.39,11,2017,2494.2632186488204,-0.0023037526416999077,Slight positive
120,TCS,EQ,6-Nov-17,2620.1,2620.0,2671.8,2611.75,2660.15,2665.55,2641.62,688500,1818752069.0,61866,527626,76.63,11,2017,2495.263047119892,0.017346666157780355,Slight positive
121,TCS,EQ,7-Nov-17,2665.55,2670.0,2768.0,2666.05,2710.0,2710.05,2718.44,1348446,3665665142.0,61294,584060,43.31,11,2017,2497.6907882180544,0.016694490818029983,Slight positive
122,TCS,EQ,8-Nov-17,2710.05,2723.0,2759.0,2718.25,2737.0,2735.0,2741.21,701126,1921934581.0,48744,444618,63.41,11,2017,2499.077310004462,0.00920647220530979,Slight positive
123,TCS,EQ,9-Nov-17,2735.0,2750.0,2750.0,2719.3,2740.0,2736.4,2732.42,576216,1574462790.0,27786,370073,64.22,11,2017,2500.211433148149,0.000511882998171842,Slight positive
124,TCS,EQ,10-Nov-17,2736.4,2722.2,2726.0,2693.35,2710.0,2708.75,2706.84,678283,1836006501.0,22485,456167,67.25,11,2017,2501.3779654212412,-0.010104516883496562,Slight positive
125,TCS,EQ,13-Nov-17,2708.75,2702.05,2777.4,2702.05,2756.55,2758.95,2757.27,748498,2063808990.0,44504,379983,50.77,11,2017,2502.958180396093,0.018532533456391276,Slight positive
126,TCS,EQ,14-Nov-17,2758.95,2756.55,2756.55,2707.5,2710.0,2714.6,2718.61,828626,2252715047.0,50733,554011,66.86,11,2017,2504.3859140288864,-0.01607495605212128,Slight positive
127,TCS,EQ,15-Nov-17,2714.6,2706.0,2755.0,2701.35,2710.0,2705.3,2736.73,3335417,9128129059.0,47448,2841173,85.18,11,2017,2509.6973508223277,-0.003425919104103614,Slight positive
128,TCS,EQ,16-Nov-17,2705.3,2710.0,2763.0,2686.95,2739.9,2746.65,2734.0,826741,2260313403.0,45075,380359,46.01,11,2017,2511.2399248525912,0.01528481129634418,Slight positive
129,TCS,EQ,17-Nov-17,2746.65,2748.1,2748.1,2703.6,2708.2,2707.3,2719.89,662732,1802558457.0,34043,411909,62.15,11,2017,2512.2577696631056,-0.01432654324358762,Slight positive
130,TCS,EQ,20-Nov-17,2707.3,2715.0,2726.9,2695.3,2697.9,2703.45,2709.98,507249,1374632868.0,27013,360469,71.06,11,2017,2513.0144695003905,-0.0014220810401508466,Slight positive
131,TCS,EQ,21-Nov-17,2703.45,2701.0,2701.0,2666.0,2670.25,2672.95,2678.52,763870,2046044819.0,38552,527247,69.02,11,2017,2513.962049458696,-0.011281880560025104,Slight positive
132,TCS,EQ,22-Nov-17,2672.95,2673.0,2709.7,2672.4,2681.4,2680.65,2690.88,911312,2452235277.0,67085,612065,67.16,11,2017,2515.131990032292,0.0028807123215923713,Slight positive
133,TCS,EQ,23-Nov-17,2680.65,2681.0,2693.0,2669.0,2676.55,2681.25,2684.25,396735,1064937718.0,31522,189438,47.75,11,2017,2515.638029914316,0.00022382631078277093,Slight positive
134,TCS,EQ,24-Nov-17,2681.25,2682.0,2702.9,2673.1,2688.2,2688.05,2688.26,1143756,3074710399.0,47991,936777,81.9,11,2017,2517.1389961426285,0.002536130536130665,Slight positive
135,TCS,EQ,27-Nov-17,2688.05,2688.0,2695.9,2662.2,2683.05,2685.85,2678.65,928393,2486839610.0,40042,725134,78.11,11,2017,2518.3228204556117,-0.0008184371570469917,Slight positive
136,TCS,EQ,28-Nov-17,2685.85,2686.0,2702.4,2670.0,2681.05,2685.3,2679.22,455858,1221342324.0,29742,298928,65.57,11,2017,2518.8961508118887,-0.0002047768862742938,Slight positive
137,TCS,EQ,29-Nov-17,2685.3,2677.5,2693.0,2650.0,2653.65,2658.15,2674.7,723766,1935855718.0,41795,531968,73.5,11,2017,2519.6511778302797,-0.010110602167355598,Slight positive
138,TCS,EQ,30-Nov-17,2658.15,2653.65,2666.95,2623.0,2635.0,2637.0,2641.37,2149981,5678900013.0,86807,1464976,68.14,11,2017,2521.5112568056597,-0.0079566615879465,Slight positive
139,TCS,EQ,1-Dec-17,2637.0,2635.0,2668.0,2621.5,2630.0,2629.95,2647.75,515572,1365104151.0,37693,285458,55.37,12,2017,2521.9218806512845,-0.0026734926052333075,Slight positive
140,TCS,EQ,4-Dec-17,2629.95,2622.0,2658.5,2602.95,2630.0,2632.35,2629.84,629552,1655623149.0,37609,342423,54.39,12,2017,2522.430131573069,0.0009125648776593387,Slight positive
141,TCS,EQ,5-Dec-17,2632.35,2631.0,2651.7,2628.15,2633.0,2635.55,2641.13,583957,1542308264.0,33907,386120,66.12,12,2017,2522.911011337583,0.0012156438163619665,Slight positive
142,TCS,EQ,6-Dec-17,2635.55,2636.0,2645.0,2612.85,2635.0,2633.3,2627.47,703759,1849107520.0,61422,534381,75.93,12,2017,2523.4736727917834,-0.0008537117489707535,Slight positive
143,TCS,EQ,7-Dec-17,2633.3,2632.3,2645.95,2615.0,2617.95,2617.25,2623.62,663150,1739856625.0,52980,503427,75.91,12,2017,2523.921924067577,-0.006095013860935028,Slight positive
144,TCS,EQ,8-Dec-17,2617.25,2618.0,2645.0,2597.0,2600.0,2601.5,2621.69,692774,1816237017.0,67356,443099,63.96,12,2017,2524.307388097135,-0.006017766739898733,Slight positive
145,TCS,EQ,11-Dec-17,2601.5,2608.35,2672.65,2608.35,2670.0,2661.1,2635.45,504001,1328268598.0,47999,298309,59.19,12,2017,2524.8000854789434,0.022909859696329082,Slight positive
146,TCS,EQ,12-Dec-17,2661.1,2661.0,2662.0,2607.4,2609.55,2612.15,2624.14,941123,2469638200.0,57531,622120,66.1,12,2017,2525.383643392656,-0.018394648829431426,Slight positive
147,TCS,EQ,13-Dec-17,2612.15,2611.4,2651.45,2601.0,2633.5,2628.4,2632.07,1480729,3897385720.0,48513,1169964,79.01,12,2017,2526.4552015459776,0.0062209291196906324,Slight positive
148,TCS,EQ,14-Dec-17,2628.4,2632.0,2632.0,2531.1,2558.2,2557.8,2558.8,2752075,7041999539.0,118270,1987921,72.23,12,2017,2527.0496904246033,-0.02686044742048388,Slight positive
149,TCS,EQ,15-Dec-17,2557.8,2563.75,2584.45,2536.85,2543.95,2545.6,2552.92,1359069,3469591951.0,97835,934401,68.75,12,2017,2527.2218225513193,-0.004769723981546736,Slight positive
150,TCS,EQ,18-Dec-17,2545.6,2537.0,2588.95,2494.35,2576.6,2580.5,2548.56,1090332,2778774408.0,71724,588034,53.93,12,2017,2527.615514297622,0.013709930861093733,Slight positive
151,TCS,EQ,19-Dec-17,2580.5,2576.0,2597.8,2564.7,2577.4,2575.3,2583.18,900976,2327386545.0,76762,633455,70.31,12,2017,2527.904911780993,-0.00201511335012583,Slight positive
152,TCS,EQ,20-Dec-17,2575.3,2582.0,2592.75,2550.65,2592.0,2588.95,2573.6,788785,2030019887.0,68386,530550,67.26,12,2017,2528.2275474447747,0.005300353356890275,Slight positive
153,TCS,EQ,21-Dec-17,2588.95,2587.0,2608.0,2580.05,2582.1,2595.7,2595.09,646824,1678569251.0,40095,439879,68.01,12,2017,2528.518711298841,0.002607234593174912,Slight positive
154,TCS,EQ,22-Dec-17,2595.7,2604.0,2663.9,2590.2,2640.0,2646.75,2636.33,1832832,4831948536.0,85852,757097,41.31,12,2017,2529.9469528658847,0.019667141811457567,Slight positive
155,TCS,EQ,26-Dec-17,2646.75,2686.0,2689.75,2631.6,2650.35,2649.45,2653.61,1087893,2886838516.0,52053,517570,47.58,12,2017,2530.7977164061804,0.0010201190138849903,Slight positive
156,TCS,EQ,27-Dec-17,2649.45,2649.45,2658.5,2610.5,2617.0,2619.9,2632.21,369642,972974332.2,20483,142233,38.48,12,2017,2531.012729342799,-0.011153258223404738,Slight positive
157,TCS,EQ,28-Dec-17,2619.9,2608.8,2653.5,2605.65,2631.0,2626.95,2630.44,1302544,3426257490.0,47992,885214,67.96,12,2017,2531.8216331663293,0.0026909424023817685,Slight positive
158,TCS,EQ,29-Dec-17,2626.95,2623.1,2708.9,2618.55,2700.0,2701.2,2677.92,1304771,3494069340.0,51608,757663,58.07,12,2017,2533.2402225732294,0.02826471763832572,Slight positive
159,TCS,EQ,1-Jan-18,2701.2,2682.3,2694.8,2635.0,2650.0,2645.6,2654.94,675880,1794417717.0,19464,330691,48.93,1,2018,2533.7255835482997,-0.02058344439508364,Slight positive
160,TCS,EQ,2-Jan-18,2645.6,2660.0,2669.6,2620.2,2631.0,2631.2,2641.06,960145,2535800011.0,46813,555820,57.89,1,2018,2534.3200877796885,-0.005442999697611195,Slight positive
161,TCS,EQ,3-Jan-18,2631.2,2632.0,2669.0,2631.2,2639.0,2638.65,2649.21,628560,1665185619.0,32104,361072,57.44,1,2018,2534.734996419652,0.002831407722712065,Slight positive
162,TCS,EQ,4-Jan-18,2638.65,2650.0,2662.0,2640.0,2650.0,2657.1,2649.94,456541,1209807238.0,32647,264561,57.95,1,2018,2535.087433216692,0.0069922119265533045,Slight positive
163,TCS,EQ,5-Jan-18,2657.1,2650.0,2699.5,2650.0,2695.0,2689.2,2684.95,576853,1548821282.0,30836,318083,55.14,1,2018,2535.6462504797296,0.012080840013548588,Slight positive
164,TCS,EQ,8-Jan-18,2689.2,2700.0,2726.85,2681.85,2708.8,2714.4,2709.74,621110,1683046448.0,43815,345599,55.64,1,2018,2536.341431654784,0.009370816599732379,Slight positive
165,TCS,EQ,9-Jan-18,2714.4,2715.0,2721.0,2676.55,2708.95,2709.0,2703.56,1074698,2905511380.0,47403,612650,57.01,1,2018,2537.4955125455217,-0.0019893899204244114,Slight positive
166,TCS,EQ,10-Jan-18,2709.0,2711.0,2816.0,2694.65,2803.0,2806.6,2763.3,1682925,4650423557.0,70764,699460,41.56,1,2018,2540.283078792758,0.036028054632705864,Slight positive
167,TCS,EQ,11-Jan-18,2806.6,2810.0,2821.9,2782.2,2792.5,2790.5,2796.58,1260524,3525161029.0,71604,578244,45.87,1,2018,2542.209497653215,-0.005736478301147319,Slight positive
168,TCS,EQ,12-Jan-18,2790.5,2805.0,2805.0,2740.55,2769.9,2776.35,2764.28,1680157,4644422668.0,90884,472438,28.12,1,2018,2544.587845168303,-0.005070775846622522,Slight positive
169,TCS,EQ,15-Jan-18,2776.35,2777.15,2808.0,2735.05,2737.4,2746.1,2768.32,728607,2017014657.0,49926,394675,54.17,1,2018,2545.471605771564,-0.010895600338574063,Slight positive
170,TCS,EQ,16-Jan-18,2746.1,2756.0,2861.65,2750.55,2860.0,2850.85,2834.5,2133876,6048464572.0,85776,639155,29.95,1,2018,2549.3442255930213,0.0381450056443684,Slight positive
171,TCS,EQ,17-Jan-18,2850.85,2870.0,2925.0,2862.15,2895.0,2888.95,2900.36,2140403,6207945520.0,94873,965845,45.12,1,2018,2553.609809950862,0.013364435168458533,Slight positive
172,TCS,EQ,18-Jan-18,2888.95,2897.0,2933.0,2868.05,2926.55,2918.2,2896.35,1104739,3199711974.0,51786,568379,51.45,1,2018,2555.958178164846,0.010124785821838289,Slight positive
173,TCS,EQ,19-Jan-18,2918.2,2930.55,2982.0,2903.65,2974.85,2959.3,2930.77,910000,2667000913.0,44039,436952,48.02,1,2018,2558.0868956635168,0.014084024398602013,Slight positive
174,TCS,EQ,22-Jan-18,2959.3,2961.0,3134.7,2922.0,3090.0,3116.4,3052.16,2183555,6664565989.0,97757,663651,30.39,1,2018,2565.0688983305413,0.053086878653735736,Slight positive
175,TCS,EQ,23-Jan-18,3116.4,3114.95,3142.35,3090.05,3097.9,3102.0,3112.03,1619805,5040878630.0,68887,705309,43.54,1,2018,2570.0041469486223,-0.0046207162110127875,Slight positive
176,TCS,EQ,24-Jan-18,3102.0,3090.0,3259.05,3082.65,3174.95,3174.6,3189.59,2810769,8965187783.0,111512,862385,30.68,1,2018,2579.4958872230313,0.023404255319148914,Slight positive
177,TCS,EQ,25-Jan-18,3174.6,3175.0,3179.8,3081.0,3133.0,3121.05,3123.06,1916922,5986662027.0,72537,925615,48.29,1,2018,2585.2327787246527,-0.016868266868266812,Slight positive
178,TCS,EQ,29-Jan-18,3121.05,3131.4,3225.0,3122.0,3199.25,3198.85,3196.14,1570530,5019638550.0,94269,832172,52.99,1,2018,2590.512622521131,0.02492750837058022,Slight positive
179,TCS,EQ,30-Jan-18,3198.85,3180.0,3203.8,3143.7,3152.15,3152.85,3166.46,787379,2493202690.0,45149,384193,48.79,1,2018,2592.928020183442,-0.014380167872829253,Slight positive
180,TCS,EQ,31-Jan-18,3152.85,3137.0,3150.0,3098.6,3111.15,3112.35,3119.14,1521607,4746105492.0,92438,978756,64.32,1,2018,2597.2040492705305,-0.01284552071934919,Slight positive
181,TCS,EQ,1-Feb-18,3112.35,3124.0,3190.0,3088.8,3150.0,3138.6,3146.24,1200315,3776473823.0,66084,310672,25.88,2,2018,2600.6971963439487,0.008434141404405127,Slight positive
182,TCS,EQ,2-Feb-18,3138.6,3120.0,3190.0,3103.45,3153.0,3153.65,3167.25,1228245,3890162746.0,52829,586030,47.71,2,2018,2604.3239813308555,0.004795131587332024,Slight positive
183,TCS,EQ,5-Feb-18,3153.65,3110.0,3188.0,3076.85,3110.0,3103.2,3118.75,1378871,4300356207.0,75866,655249,47.52,2,2018,2607.9705036955206,-0.015997336419704244,Slight positive
184,TCS,EQ,6-Feb-18,3103.2,3010.0,3077.15,2985.0,3000.0,2997.25,3020.91,1328653,4013743636.0,53630,728147,54.8,2,2018,2610.693127189964,-0.03414217581850987,Slight positive
185,TCS,EQ,7-Feb-18,2997.25,3027.0,3031.0,2947.45,2959.0,2955.05,2975.26,1090162,3243512073.0,55520,506385,46.45,2,2018,2612.657976119244,-0.01407957294186335,Slight positive
186,TCS,EQ,8-Feb-18,2955.05,2979.75,3027.6,2959.0,2966.2,2974.2,3000.15,1377502,4132716047.0,63513,601956,43.7,2,2018,2615.245953411281,0.006480431803184361,Slight positive
187,TCS,EQ,9-Feb-18,2974.2,2950.0,2994.0,2896.65,2978.3,2971.7,2940.4,1051229,3091037412.0,71919,421771,40.12,2,2018,2617.1825731766758,-0.0008405621679778985,Slight positive
188,TCS,EQ,12-Feb-18,2971.7,2978.3,3023.35,2955.55,2960.15,2967.3,2981.33,987281,2943408237.0,49385,512025,51.86,2,2018,2618.9599832008385,-0.0014806339805497615,Slight positive
189,TCS,EQ,14-Feb-18,2967.3,2970.0,2974.45,2892.5,2900.0,2911.8,2939.65,1423766,4185366949.0,81932,880898,61.87,2,2018,2621.088290140453,-0.018703872207056937,Slight positive
190,TCS,EQ,15-Feb-18,2911.8,2931.95,2943.0,2905.1,2922.0,2925.85,2925.44,1232618,3605953706.0,42920,702569,57.0,2,2018,2622.9938828207914,0.004825194038051928,Slight positive
191,TCS,EQ,16-Feb-18,2925.85,2923.0,2999.6,2923.0,2931.0,2933.05,2965.52,1257878,3730256378.0,52987,425282,33.81,2,2018,2624.9597656212122,0.0024608233504794796,Slight positive
192,TCS,EQ,19-Feb-18,2933.05,2945.0,2953.3,2895.2,2923.65,2923.6,2928.1,784112,2295955131.0,37241,332759,42.44,2,2018,2626.1354536849617,-0.0032219021155452943,Slight positive
193,TCS,EQ,20-Feb-18,2923.6,2928.0,2985.05,2927.9,2943.0,2944.75,2959.27,944534,2795126451.0,60862,401169,42.47,2,2018,2627.6392680417007,0.007234231769051913,Slight positive
194,TCS,EQ,21-Feb-18,2944.75,2974.0,3062.6,2960.05,3042.35,3042.3,3016.25,1544614,4658937572.0,96721,673804,43.62,2,2018,2630.8152987388,0.033126750997538146,Slight positive
195,TCS,EQ,22-Feb-18,3042.3,3052.0,3079.0,3022.5,3040.05,3050.2,3047.84,1731505,5277341721.0,83526,796578,46.0,2,2018,2634.3855203368976,0.0025967195871543503,Slight positive
196,TCS,EQ,23-Feb-18,3050.2,3050.0,3089.0,2992.1,3078.0,3075.8,3044.72,1681250,5118935937.0,86645,706762,42.04,2,2018,2638.0043040259866,0.008392892269359464,Slight positive
197,TCS,EQ,26-Feb-18,3075.8,3075.0,3089.95,3021.2,3025.6,3031.7,3044.1,681941,2075893519.0,45004,292334,42.87,2,2018,2639.3091205803107,-0.014337733272644648,Slight positive
198,TCS,EQ,27-Feb-18,3031.7,3041.0,3078.55,3032.0,3042.0,3042.35,3054.42,858900,2623442713.0,49207,299428,34.86,2,2018,2640.9845440057493,0.003512880562061005,Slight positive
199,TCS,EQ,28-Feb-18,3042.35,3035.0,3063.95,3021.45,3033.4,3035.05,3040.16,1353432,4114652091.0,80437,861558,63.66,2,2018,2643.549040760929,-0.0023994609430209035,Slight positive
200,TCS,EQ,1-Mar-18,3035.05,3049.0,3061.2,3020.0,3033.0,3037.7,3042.25,859062,2613481022.0,77493,522085,60.77,3,2018,2645.170455834072,0.0008731322383486173,Slight positive
201,TCS,EQ,5-Mar-18,3037.7,3049.0,3113.65,3032.95,3103.0,3105.85,3075.76,1429084,4395522747.0,81638,785748,54.98,3,2018,2648.3015917167136,0.022434736807453115,Slight positive
202,TCS,EQ,6-Mar-18,3105.85,3122.0,3127.0,3030.15,3041.0,3042.8,3087.33,953382,2943402643.0,60270,469034,49.2,3,2018,2650.082299488504,-0.020300400856448242,Slight positive
203,TCS,EQ,7-Mar-18,3042.8,3070.0,3089.0,3018.5,3028.7,3027.45,3045.28,958886,2920078407.0,54736,437656,45.64,3,2018,2651.787772917203,-0.005044695675036293,Slight positive
204,TCS,EQ,8-Mar-18,3027.45,3054.9,3054.9,2987.5,3001.85,3003.95,3017.6,975913,2944917233.0,43364,655914,67.21,3,2018,2653.4001778143834,-0.007762308213182689,Slight positive
205,TCS,EQ,9-Mar-18,3003.95,3005.0,3063.2,2977.2,3035.0,3034.1,3030.68,936218,2837381323.0,53978,310682,33.18,3,2018,2655.065033129084,0.010036784899881912,Slight positive
206,TCS,EQ,12-Mar-18,3034.1,3043.0,3083.9,3035.5,3046.95,3052.15,3060.88,1045670,3200669043.0,46166,492433,47.09,3,2018,2656.995128746473,0.005949045845555556,Slight positive
207,TCS,EQ,13-Mar-18,3052.15,2924.9,2939.7,2872.0,2886.1,2886.8,2880.44,44033577,127000000000.0,216131,31556256,71.66,3,2018,2696.040598186742,-0.054174925871926294,Slight positive
208,TCS,EQ,14-Mar-18,2886.8,2892.95,2923.05,2875.05,2887.85,2886.9,2899.62,1834334,5318879503.0,75794,797351,43.47,3,2018,2697.3819921597574,3.464043231260483e-05,Slight positive
209,TCS,EQ,15-Mar-18,2886.9,2895.0,2902.55,2855.6,2867.0,2869.7,2876.92,1174453,3378809880.0,53254,440516,37.51,3,2018,2698.1539272761493,-0.00595794797187299,Slight positive
210,TCS,EQ,16-Mar-18,2869.7,2868.8,2872.0,2805.0,2828.0,2825.7,2834.32,3598741,10199978560.0,151066,2487922,69.13,3,2018,2699.881002694698,-0.01533261316513923,Slight positive
211,TCS,EQ,19-Mar-18,2825.7,2829.0,2848.0,2820.0,2828.75,2831.0,2832.48,1744970,4942594052.0,93179,1297258,74.34,3,2018,2700.7362763087763,0.0018756414339811123,Slight positive
212,TCS,EQ,20-Mar-18,2831.0,2820.0,2873.2,2819.0,2870.0,2864.85,2852.27,2012492,5740162500.0,79442,1433569,71.23,3,2018,2701.9616699521216,0.011956905687036334,Slight positive
213,TCS,EQ,21-Mar-18,2864.85,2872.5,2884.3,2850.0,2856.1,2856.75,2865.76,1953839,5599239431.0,88110,1528562,78.23,3,2018,2703.0756737024776,-0.0028273731608984276,Slight positive
214,TCS,EQ,22-Mar-18,2856.75,2859.95,2875.95,2822.55,2824.0,2831.35,2843.57,1163047,3307211012.0,72687,876317,75.35,3,2018,2703.6228661520877,-0.008891222543099708,Slight positive
215,TCS,EQ,23-Mar-18,2831.35,2802.0,2834.1,2798.05,2809.2,2818.15,2816.79,1827061,5146438889.0,77575,1259843,68.95,3,2018,2704.3852328517914,-0.004662086990304903,Slight positive
216,TCS,EQ,26-Mar-18,2818.15,2819.0,2827.4,2781.55,2817.0,2817.0,2812.33,1482105,4168164808.0,76911,1046954,70.64,3,2018,2704.9900693345458,-0.00040806912336111,Slight positive
217,TCS,EQ,27-Mar-18,2817.0,2825.0,2863.0,2823.05,2843.8,2847.7,2845.6,1247287,3549278193.0,101404,867902,69.58,3,2018,2705.632203391645,0.010898118565850101,Slight positive
218,TCS,EQ,28-Mar-18,2847.7,2835.9,2875.0,2825.0,2849.35,2849.15,2854.33,3432827,9798420781.0,127771,2654970,77.34,3,2018,2707.3877710190773,0.0005091828493171136,Slight positive
219,TCS,EQ,2-Apr-18,2849.15,2840.0,2914.0,2840.0,2903.0,2909.65,2888.94,831494,2402139242.0,67851,428437,51.53,4,2018,2707.985286170769,0.021234403243072464,Slight positive
220,TCS,EQ,3-Apr-18,2909.65,2892.1,2929.9,2892.1,2908.4,2911.25,2907.92,968645,2816742761.0,49338,665363,68.69,4,2018,2708.6824095008283,0.0005498943171859949,Slight positive
221,TCS,EQ,4-Apr-18,2911.25,2929.45,2934.0,2892.0,2906.9,2910.9,2914.91,1420910,4141824123.0,73678,1068225,75.18,4,2018,2709.6946624514558,-0.00012022327179039838,Slight positive
222,TCS,EQ,5-Apr-18,2910.9,2926.55,2963.75,2920.35,2954.1,2957.95,2949.56,904712,2668499202.0,50519,619923,68.52,4,2018,2710.4833963346505,0.01616338589439681,Slight positive
223,TCS,EQ,6-Apr-18,2957.95,2954.0,2960.0,2926.55,2939.7,2950.3,2943.69,564509,1661739852.0,35618,327149,57.95,4,2018,2710.9578694130673,-0.002586250612755303,Slight positive
224,TCS,EQ,9-Apr-18,2950.3,2939.7,2963.5,2915.0,2925.05,2923.9,2936.88,617933,1814796241.0,61304,377241,61.05,4,2018,2711.4180464005826,-0.008948242551604979,Slight positive
225,TCS,EQ,10-Apr-18,2923.9,2925.7,2957.25,2925.7,2933.4,2937.6,2943.58,592266,1743380857.0,56834,369579,62.4,4,2018,2711.8855640930524,0.004685522760696337,Slight positive
226,TCS,EQ,11-Apr-18,2937.6,2950.6,3025.0,2945.6,3010.0,3014.15,2987.68,1562208,4667384474.0,79572,982143,62.87,4,2018,2713.5245975939492,0.026058687363834432,Slight positive
227,TCS,EQ,12-Apr-18,3014.15,3010.0,3150.0,3007.95,3136.0,3139.25,3116.29,3057180,9527046571.0,138550,1663392,54.41,4,2018,2717.994810368296,0.04150423834248462,Slight positive
228,TCS,EQ,13-Apr-18,3139.25,3150.0,3240.8,3132.1,3145.5,3153.3,3181.37,4089559,13010404291.0,147501,2142872,52.4,4,2018,2724.024434877696,0.00447559130365538,Slight positive
229,TCS,EQ,16-Apr-18,3153.3,3116.0,3199.95,3110.75,3185.05,3187.65,3169.39,3135137,9936460533.0,142448,1707483,54.46,4,2018,2728.895864808628,0.010893349823993814,Slight positive
230,TCS,EQ,17-Apr-18,3187.65,3187.65,3194.95,3147.2,3163.6,3166.6,3165.81,1650862,5226319906.0,119475,1077647,65.28,4,2018,2731.304259986078,-0.006603610810471672,Slight positive
231,TCS,EQ,18-Apr-18,3166.6,3166.0,3193.45,3145.85,3162.7,3159.1,3166.57,1216533,3852231611.0,57846,674167,55.42,4,2018,2733.0318444852505,-0.002368470915177112,Slight positive
232,TCS,EQ,19-Apr-18,3159.1,3179.9,3217.2,3165.75,3191.15,3191.15,3190.56,2410476,7690774761.0,108523,1295094,53.73,4,2018,2736.6684651614223,0.010145294545915062,Slight positive
233,TCS,EQ,20-Apr-18,3191.15,3250.0,3422.35,3240.0,3414.0,3402.45,3351.07,9232831,30939850872.0,287034,2973300,32.2,4,2018,2756.314555641881,0.06621437412844888,Slight positive
234,TCS,EQ,23-Apr-18,3402.45,3424.0,3557.9,3389.55,3395.9,3408.65,3478.05,7592955,26408656912.0,296796,2307114,30.38,4,2018,2771.7698766107656,0.0018222163441050654,Slight positive
235,TCS,EQ,24-Apr-18,3408.65,3410.0,3443.15,3342.5,3380.0,3385.65,3385.7,4157168,14074937538.0,191406,1852622,44.56,4,2018,2779.630918326683,-0.006747539348422427,Slight positive
236,TCS,EQ,25-Apr-18,3385.65,3385.0,3483.0,3365.05,3466.0,3470.25,3445.24,4098287,14119584532.0,186272,1646688,40.18,4,2018,2788.24068982116,0.02498781622435864,Slight positive
237,TCS,EQ,26-Apr-18,3470.25,3467.0,3560.0,3467.0,3523.95,3539.25,3528.84,6067517,21411274499.0,155107,3148760,51.9,4,2018,2801.8508832697794,0.019883293710827754,Slight positive
238,TCS,EQ,27-Apr-18,3539.25,3525.0,3544.0,3420.0,3458.0,3451.95,3475.49,2250665,7822168278.0,143297,1128370,50.13,4,2018,2806.19187255126,-0.02466624284806107,Slight positive
239,TCS,EQ,30-Apr-18,3451.95,3451.95,3549.0,3437.6,3529.0,3532.1,3523.56,1729279,6093220317.0,109746,740868,42.84,4,2018,2809.897165384643,0.023218760410782302,Slight positive
240,TCS,EQ,2-May-18,3532.1,3530.5,3532.2,3471.3,3500.0,3499.75,3496.99,1579023,5521825658.0,142452,1035607,65.59,5,2018,2813.0975431486227,-0.009158857336994952,Slight positive
241,TCS,EQ,3-May-18,3499.75,3509.8,3526.0,3470.4,3481.75,3481.85,3501.58,1880775,6585681501.0,132523,1146691,60.97,5,2018,2816.772610999497,-0.005114651046503327,Slight positive
242,TCS,EQ,4-May-18,3481.85,3492.0,3497.0,3470.0,3479.0,3480.75,3485.14,1173622,4090241756.0,60186,697005,59.39,5,2018,2819.041733435431,-0.00031592400591640146,Slight positive
243,TCS,EQ,7-May-18,3480.75,3490.0,3490.0,3410.9,3428.0,3420.95,3438.41,1742213,5990435303.0,95521,1155927,66.35,5,2018,2822.0798909396794,-0.017180205415499583,Slight positive
244,TCS,EQ,8-May-18,3420.95,3434.7,3486.5,3396.7,3440.2,3441.2,3447.8,1496410,5159322100.0,75803,710340,47.47,5,2018,2824.75243865323,0.005919408351481303,Slight positive
245,TCS,EQ,9-May-18,3441.2,3440.2,3494.75,3440.2,3488.5,3489.3,3480.95,1307525,4551423048.0,74986,754487,57.7,5,2018,2827.249567952002,0.013977682203882402,Slight positive
246,TCS,EQ,10-May-18,3489.3,3502.95,3511.15,3440.2,3446.3,3451.25,3478.59,1929339,6711381186.0,78782,1044165,54.12,5,2018,2830.6903490023474,-0.010904765998910992,Slight positive
247,TCS,EQ,11-May-18,3451.25,3454.2,3485.0,3442.5,3461.0,3456.95,3461.07,1313938,4547636850.0,44332,734225,55.88,5,2018,2833.0333101137485,0.0016515755161172763,Slight positive
248,TCS,EQ,14-May-18,3456.95,3457.0,3471.0,3410.8,3440.0,3433.55,3427.81,1216947,4171459981.0,67155,738191,60.66,5,2018,2835.1069353916487,-0.006768972649300542,Slight positive
249,TCS,EQ,15-May-18,3433.55,3450.0,3495.8,3433.7,3487.0,3482.4,3477.97,976445,3396047379.0,72769,426098,43.64,5,2018,2836.8954012685276,0.014227257503167223,Slight positive
250,TCS,EQ,16-May-18,3482.4,3479.95,3509.0,3475.25,3497.0,3493.9,3494.21,824225,2880012135.0,62359,462112,56.07,5,2018,2838.4241439863954,0.0033023202389157458,Slight positive
251,TCS,EQ,17-May-18,3493.9,3512.95,3533.15,3476.0,3480.8,3491.8,3509.69,1484024,5208463595.0,147144,968752,65.28,5,2018,2841.1500353501924,-0.000601047539998234,Slight positive
252,TCS,EQ,18-May-18,3491.8,3480.8,3517.7,3458.0,3495.0,3502.05,3487.86,937498,3269860707.0,71488,518150,55.27,5,2018,2842.8873060976575,0.002935448765679638,Slight positive
253,TCS,EQ,21-May-18,3502.05,3528.7,3592.0,3518.05,3551.8,3556.75,3567.15,1723089,6146517740.0,113610,883903,51.3,5,2018,2846.3196488166127,0.01561942290943863,Slight positive
254,TCS,EQ,22-May-18,3556.75,3558.0,3574.95,3493.7,3514.4,3508.9,3520.43,928708,3269452704.0,71360,523307,56.35,5,2018,2848.0322726357363,-0.013453293034371261,Slight positive
255,TCS,EQ,23-May-18,3508.9,3525.0,3545.0,3481.0,3498.95,3495.1,3513.84,753649,2648198400.0,65699,407054,54.01,5,2018,2849.386691846441,-0.003932856450739597,Slight positive
256,TCS,EQ,24-May-18,3495.1,3510.0,3615.0,3502.35,3610.75,3603.7,3579.69,1481158,5302086674.0,78667,655097,44.23,5,2018,2852.477019240044,0.031072072329833222,Slight positive
257,TCS,EQ,25-May-18,3603.7,3625.0,3674.8,3572.55,3589.9,3585.8,3633.11,1884886,6848001305.0,142355,954659,50.65,5,2018,2856.280431199966,-0.004967117129616727,Slight positive
258,TCS,EQ,28-May-18,3585.8,3616.5,3616.5,3486.0,3499.35,3502.05,3516.38,1858399,6534828350.0,142950,1041835,56.06,5,2018,2859.5658773009504,-0.023356015394054297,Slight positive
259,TCS,EQ,29-May-18,3502.05,3529.9,3544.0,3488.0,3519.95,3523.5,3517.42,1762656,6200008340.0,101072,834822,47.36,5,2018,2862.7543279474485,0.0061249839379791116,Slight positive
260,TCS,EQ,30-May-18,3523.5,3509.05,3533.0,3482.5,3507.5,3514.1,3508.9,1889553,6630243747.0,125085,1124217,59.5,5,2018,2866.090340708014,-0.002667801901518385,Slight positive
261,TCS,EQ,31-May-18,3514.1,1734.0,1759.05,1726.1,1748.85,1741.05,1742.44,5049371,8798250474.0,207998,3447026,68.27,5,2018,2850.900305487641,-0.5045530861386984,Slight negative
262,TCS,EQ,1-Jun-18,1741.05,1754.0,1757.5,1716.3,1732.0,1732.45,1742.29,1603856,2794386298.0,74272,924751,57.66,6,2018,2846.1241668674684,-0.004939547973923708,Slight positive
263,TCS,EQ,4-Jun-18,1732.45,1745.0,1749.0,1712.6,1742.0,1744.25,1730.25,1681483,2909393690.0,96686,928452,55.22,6,2018,2841.2130604873405,0.006811163381338581,Slight positive
264,TCS,EQ,5-Jun-18,1744.25,1744.0,1751.9,1711.15,1723.0,1721.6,1728.88,2449568,4235000688.0,133067,1492228,60.92,6,2018,2833.9903274461426,-0.012985523864124993,Slight positive
265,TCS,EQ,6-Jun-18,1721.6,1723.0,1734.9,1715.2,1725.0,1725.75,1725.85,2236512,3859874684.0,73770,1573892,70.37,6,2018,2827.5010133016517,0.002410548327137496,Slight positive
266,TCS,EQ,7-Jun-18,1725.75,1725.0,1749.0,1723.8,1734.05,1735.55,1738.0,2414762,4196845765.0,105531,1639426,67.89,6,2018,2820.640856329977,0.0056786904244530145,Slight positive
267,TCS,EQ,8-Jun-18,1735.55,1735.0,1757.3,1735.0,1742.95,1747.1,1748.59,2582138,4515097489.0,90908,1640936,63.55,6,2018,2813.477001383664,0.006654950880124355,Slight positive
268,TCS,EQ,11-Jun-18,1747.1,1747.1,1763.0,1743.0,1750.9,1749.7,1752.55,2179378,3819463189.0,104681,1659838,76.16,6,2018,2807.519107995443,0.0014881804132562682,Slight positive
269,TCS,EQ,12-Jun-18,1749.7,1757.0,1785.0,1753.0,1781.05,1781.0,1773.52,4608875,8173948345.0,108707,3580858,77.69,6,2018,2795.5031637759635,0.01788878093387436,Slight positive
270,TCS,EQ,13-Jun-18,1781.0,1816.0,1831.65,1798.0,1824.0,1824.1,1818.17,5370983,9765380712.0,236378,2862488,53.3,6,2018,2782.4304722998636,0.024199887703537204,Slight positive
271,TCS,EQ,14-Jun-18,1824.1,1830.0,1832.3,1784.0,1784.95,1787.55,1795.49,3819998,6858771088.0,185231,2405344,62.97,6,2018,2772.9983650761683,-0.020037278657968338,Slight positive
272,TCS,EQ,15-Jun-18,1787.55,1800.0,1847.1,1788.6,1840.0,1840.05,1823.42,9183574,16745544383.0,232555,4247203,46.25,6,2018,2752.208263378982,0.02936980783754306,Slight positive
273,TCS,EQ,18-Jun-18,1840.05,1867.95,1867.95,1822.15,1824.0,1829.0,1840.85,4674987,8605956300.0,212032,2287621,48.93,6,2018,2741.85282597391,-0.00600527159588049,Slight positive
274,TCS,EQ,19-Jun-18,1829.0,1822.15,1839.0,1821.0,1822.9,1824.5,1829.83,3245034,5937862115.0,139033,1712806,52.78,6,2018,2734.7656087609794,-0.002460360852925114,Slight positive
275,TCS,EQ,20-Jun-18,1824.5,1832.0,1836.3,1818.6,1820.0,1822.45,1828.68,3107695,5682968754.0,151059,2297300,73.92,6,2018,2728.0651864737815,-0.0011235955056179137,Slight positive
276,TCS,EQ,21-Jun-18,1822.45,1832.0,1832.0,1817.6,1820.0,1819.35,1822.83,2910659,5305644226.0,130989,2119842,72.83,6,2018,2721.857059139287,-0.0017010068863344552,Slight positive
277,TCS,EQ,22-Jun-18,1819.35,1827.0,1827.0,1799.55,1809.0,1809.8,1810.38,2949458,5339626533.0,225703,2149173,72.87,6,2018,2715.586452775474,-0.005249127435622558,Slight positive
278,TCS,EQ,25-Jun-18,1809.8,1811.9,1822.35,1806.0,1817.75,1819.25,1817.52,2083217,3786278981.0,115086,1348047,64.71,6,2018,2711.2548657129078,0.005221571444358419,Slight positive
279,TCS,EQ,26-Jun-18,1819.25,1823.0,1861.0,1821.0,1852.05,1852.0,1842.52,4679712,8622455575.0,160270,3197021,68.32,6,2018,2702.0271669101217,0.018001923869726433,Slight positive
280,TCS,EQ,27-Jun-18,1852.0,1860.0,1885.15,1851.25,1857.5,1858.0,1870.51,4081208,7633922938.0,163411,1967182,48.2,6,2018,2694.1955959182487,0.003239740820734305,Slight positive
281,TCS,EQ,28-Jun-18,1858.0,1865.0,1871.0,1826.3,1844.1,1842.7,1846.23,4888125,9024622355.0,176902,3110366,63.63,6,2018,2684.8366144467936,-0.008234660925726556,Slight positive
282,TCS,EQ,29-Jun-18,1842.7,1844.9,1867.4,1842.3,1844.95,1847.75,1851.25,3506276,6490978438.0,213525,2265670,64.62,6,2018,2678.2885974604637,0.0027405437672980426,Slight positive
283,TCS,EQ,2-Jul-18,1847.75,1852.0,1857.8,1841.1,1854.05,1851.35,1852.0,2650290,4908342580.0,137325,1969574,74.32,7,2018,2673.4278879666153,0.0019483155188741996,Slight positive
284,TCS,EQ,3-Jul-18,1851.35,1859.95,1879.9,1857.05,1874.25,1874.05,1872.16,3242233,6069985148.0,191297,2047537,63.15,7,2018,2667.720760045711,0.0122613228184838,Slight positive
285,TCS,EQ,4-Jul-18,1874.05,1879.9,1879.9,1857.15,1867.0,1866.15,1863.61,2700614,5032886447.0,116958,1997832,73.98,7,2018,2662.9821538320716,-0.0042154691710465375,Slight positive
286,TCS,EQ,5-Jul-18,1866.15,1873.0,1887.5,1862.1,1883.8,1880.3,1874.33,2472571,4634408416.0,94620,1580212,63.91,7,2018,2658.7687200177425,0.00758245585831796,Slight positive
287,TCS,EQ,6-Jul-18,1880.3,1882.85,1921.0,1881.65,1917.75,1912.95,1907.65,3713781,7084608224.0,143673,2110559,56.83,7,2018,2652.7866142934085,0.017364250385576874,Slight positive
288,TCS,EQ,9-Jul-18,1912.95,1924.0,1924.4,1876.5,1884.2,1883.0,1888.15,6151747,11615411507.0,193730,4089052,66.47,7,2018,2642.6931284420543,-0.015656446849107386,Slight positive
289,TCS,EQ,10-Jul-18,1883.0,1898.0,1898.9,1870.75,1876.05,1875.1,1881.79,5303302,9979704601.0,187687,3366084,63.47,7,2018,2634.1135051438855,-0.004195432819968148,Slight positive
290,TCS,EQ,11-Jul-18,1875.1,1900.0,1998.0,1894.15,1970.0,1979.9,1951.99,22903802,44708105351.0,482657,9308170,40.64,7,2018,2603.987347706646,0.05589035251453267,Slight positive
291,TCS,EQ,12-Jul-18,1979.9,1984.0,1990.9,1960.5,1973.0,1971.35,1972.52,6921701,13653172984.0,204057,3235315,46.74,7,2018,2595.3041011236032,-0.004318399919187921,Slight positive
292,TCS,EQ,13-Jul-18,1971.35,1975.0,1997.9,1974.0,1977.6,1981.1,1986.23,4148185,8239240068.0,146909,1571340,37.88,7,2018,2590.293064928619,0.004945849291094984,Slight positive
293,TCS,EQ,16-Jul-18,1981.1,1990.0,1996.0,1977.45,1988.85,1989.2,1988.74,2582159,5135235031.0,112338,1428885,55.34,7,2018,2587.255808884033,0.004088637625561553,Slight positive
294,TCS,EQ,17-Jul-18,1989.2,1989.0,2009.0,1981.0,2000.0,2002.15,1994.6,3315492,6613072315.0,105130,2074936,62.58,7,2018,2583.4841662256467,0.006510154836115056,Slight positive
295,TCS,EQ,18-Jul-18,2002.15,2005.0,2011.7,1993.05,2000.0,2000.25,2000.88,2013869,4029511536.0,93022,1182682,58.73,7,2018,2581.2094606605574,-0.0009489798466648658,Slight positive
296,TCS,EQ,19-Jul-18,2000.25,2002.1,2010.45,1970.0,1986.0,1981.4,1984.27,1746318,3465172736.0,81270,806524,46.18,7,2018,2579.1877390669065,-0.00942382202224712,Slight positive
297,TCS,EQ,20-Jul-18,1981.4,1984.9,2000.0,1984.0,1998.1,1996.6,1993.61,1934995,3857631216.0,97910,1145691,59.21,7,2018,2577.020000401585,0.007671343494498828,Slight positive
298,TCS,EQ,23-Jul-18,1996.6,2001.0,2009.95,1986.0,2001.1,2005.65,2005.83,2086201,4184572277.0,88812,1490091,71.43,7,2018,2574.737028468109,0.004532705599519238,Slight positive
299,TCS,EQ,24-Jul-18,2005.65,2015.0,2015.0,1984.15,1996.45,1999.0,1998.52,2038423,4073820958.0,96571,1388444,68.11,7,2018,2572.498032907297,-0.0033156333358262957,Slight positive
300,TCS,EQ,25-Jul-18,1999.0,2001.9,2002.0,1968.4,1977.5,1981.5,1979.25,1535492,3039127153.0,92993,878512,57.21,7,2018,2570.7718056098247,-0.008754377188594287,Slight positive
301,TCS,EQ,26-Jul-18,1981.5,1974.95,1985.0,1955.1,1956.0,1964.7,1968.67,3503036,6896326863.0,110618,2533158,72.31,7,2018,2566.759918513158,-0.008478425435276327,Slight positive
302,TCS,EQ,27-Jul-18,1964.7,1960.85,1964.65,1940.3,1943.75,1943.75,1948.53,2033977,3963271947.0,103516,1389322,68.31,7,2018,2564.3745525869335,-0.010663205578459789,Slight positive
303,TCS,EQ,30-Jul-18,1943.75,1943.0,1954.7,1931.55,1944.3,1944.6,1942.3,1579251,3067386014.0,74802,862487,54.61,7,2018,2562.5375500332507,0.0004372990353698203,Slight positive
304,TCS,EQ,31-Jul-18,1944.6,1942.0,1947.0,1928.0,1947.0,1940.2,1934.85,2204803,4265970111.0,125163,1494920,67.8,7,2018,2559.9729051633417,-0.0022626761287667385,Slight positive
305,TCS,EQ,1-Aug-18,1940.2,1949.95,1981.55,1949.8,1973.0,1976.5,1972.85,2425180,4784507539.0,94019,1409120,58.1,8,2018,2557.340019808336,0.018709411400886555,Slight positive
306,TCS,EQ,2-Aug-18,1976.5,1980.0,1985.0,1945.0,1947.5,1948.4,1960.41,1509287,2958815209.0,85680,842778,55.84,8,2018,2555.6347397314034,-0.014217050341512771,Slight positive
307,TCS,EQ,3-Aug-18,1948.4,1956.5,1982.05,1956.5,1978.0,1979.45,1973.58,1505131,2970498995.0,91920,938806,62.37,8,2018,2554.030112122961,0.015936152740710252,Slight positive
308,TCS,EQ,6-Aug-18,1979.45,1997.0,1998.95,1972.25,1975.05,1975.55,1981.25,1532249,3035769015.0,62917,920478,60.07,8,2018,2552.3947028227085,-0.001970244259769216,Slight positive
309,TCS,EQ,7-Aug-18,1975.55,1978.2,1979.15,1960.5,1969.0,1967.35,1967.34,1353560,2662908262.0,95485,914572,67.57,8,2018,2550.9372584191933,-0.004150742831110388,Slight positive
310,TCS,EQ,8-Aug-18,1967.35,1972.0,1978.3,1962.0,1975.0,1974.0,1969.57,1315062,2590100268.0,78555,902368,68.62,8,2018,2549.544260749724,0.0033801814623732884,Slight positive
311,TCS,EQ,9-Aug-18,1974.0,1980.0,1980.8,1966.0,1978.0,1974.35,1974.51,2060297,4068073027.0,88956,1627842,79.01,8,2018,2547.3766553243904,0.00017730496453904898,Slight positive
312,TCS,EQ,10-Aug-18,1974.35,1980.95,1996.5,1972.05,1992.0,1993.1,1985.67,2784105,5528317088.0,105306,2064227,74.14,8,2018,2544.5683645757804,0.009496796414009578,Slight positive
313,TCS,EQ,13-Aug-18,1993.1,1997.8,2004.25,1990.0,1999.5,2000.15,1998.04,3559575,7112184425.0,176860,2630963,73.91,8,2018,2541.0644252063853,0.0035372033515630452,Slight positive
314,TCS,EQ,14-Aug-18,2000.15,1992.0,2024.6,1982.4,2000.0,2003.55,2010.34,3311765,6657770585.0,120349,1934826,58.42,8,2018,2537.86492248663,0.0016998725095616063,Slight positive
315,TCS,EQ,16-Aug-18,2003.55,2000.3,2020.05,1995.0,2009.1,2008.5,2008.49,2152065,4322407892.0,153660,1390016,64.59,8,2018,2535.825220236825,0.0024706146589803524,Slight positive
316,TCS,EQ,17-Aug-18,2008.5,2013.85,2021.9,2004.0,2010.0,2012.75,2012.85,1213731,2443058585.0,114738,719022,59.24,8,2018,2534.6909929731974,0.002116006970375839,Slight positive
317,TCS,EQ,20-Aug-18,2012.75,2024.0,2024.0,2003.7,2014.15,2009.95,2011.43,1587032,3192197147.0,125610,1020783,64.32,8,2018,2533.207400728249,-0.0013911315364550925,Slight positive
318,TCS,EQ,21-Aug-18,2009.95,2010.15,2024.0,2004.0,2014.0,2017.65,2015.38,1376866,2774903728.0,67624,826204,60.01,8,2018,2531.945896782863,0.0038309410681858225,Slight positive
319,TCS,EQ,23-Aug-18,2017.65,2022.8,2038.0,2020.3,2033.9,2035.1,2030.81,3046791,6187460521.0,147069,2229341,73.17,8,2018,2529.270186322034,0.008648675439248521,Slight positive
320,TCS,EQ,24-Aug-18,2035.1,2035.1,2046.0,2031.0,2041.6,2043.0,2041.86,1570533,3206801588.0,89779,1071112,68.2,8,2018,2527.924029932694,0.0038818731266276885,Slight positive
321,TCS,EQ,27-Aug-18,2043.0,2043.0,2059.0,2035.0,2050.05,2050.9,2051.79,1532702,3144788539.0,95164,1066284,69.57,8,2018,2526.6387519727205,0.0038668624571709387,Slight positive
322,TCS,EQ,28-Aug-18,2050.9,2055.0,2072.0,2052.0,2069.95,2069.2,2065.5,1987983,4106175144.0,108533,1297603,65.27,8,2018,2525.045701231365,0.008922911892339735,Slight positive
323,TCS,EQ,29-Aug-18,2069.2,2072.5,2076.6,2045.6,2073.25,2072.0,2065.1,1525867,3151066991.0,88327,896703,58.77,8,2018,2523.8379336749995,0.0013531799729364913,Slight positive
324,TCS,EQ,30-Aug-18,2072.0,2068.0,2085.0,2065.5,2081.25,2082.4,2078.06,2408020,5003999131.0,125517,1793156,74.47,8,2018,2521.988532586398,0.0050193050193050315,Slight positive
325,TCS,EQ,31-Aug-18,2082.4,2082.3,2092.0,2074.0,2078.0,2078.4,2082.1,2504554,5214722721.0,137612,1422197,56.78,8,2018,2520.064006612894,-0.0019208605455244276,Slight positive
326,TCS,EQ,3-Sep-18,2078.4,2084.8,2090.0,2048.4,2050.3,2052.9,2072.5,1439711,2983803309.0,66713,816070,56.68,9,2018,2518.901819643358,-0.012269053117782924,Slight positive
327,TCS,EQ,4-Sep-18,2052.9,2059.8,2104.75,2056.95,2100.0,2098.9,2093.77,4420803,9256152899.0,272369,2931637,66.31,9,2018,2515.717778278608,0.022407326221442814,Slight positive
328,TCS,EQ,5-Sep-18,2098.9,2100.0,2107.25,2075.05,2077.0,2079.25,2086.52,1681106,3507659104.0,125377,1034014,61.51,9,2018,2514.4631257966926,-0.009362046786411948,Slight positive
329,TCS,EQ,6-Sep-18,2079.25,2075.0,2081.5,2060.3,2074.5,2075.3,2070.41,2238097,4633767812.0,123504,1585975,70.86,9,2018,2512.788868976414,-0.001899723457977509,Slight positive
330,TCS,EQ,7-Sep-18,2075.3,2079.3,2084.0,2065.4,2078.75,2079.85,2076.27,1312182,2724446612.0,91094,898428,68.47,9,2018,2511.823333317299,0.0021924541030211575,Slight positive
331,TCS,EQ,10-Sep-18,2079.85,2084.4,2093.4,2074.25,2084.0,2080.75,2083.98,1530539,3189620195.0,96119,1177046,76.9,9,2018,2510.7048874887123,0.0004327235137149277,Slight positive
332,TCS,EQ,11-Sep-18,2080.75,2089.0,2089.0,2042.2,2045.15,2046.25,2055.93,3679745,7565314868.0,153230,2033267,55.26,9,2018,2507.8256333876834,-0.016580559894268876,Slight positive
333,TCS,EQ,12-Sep-18,2046.25,2052.35,2068.9,2040.0,2045.0,2043.95,2048.93,2307661,4728228780.0,135528,1632725,70.75,9,2018,2506.0292162964915,-0.0011240073304825682,Slight positive
334,TCS,EQ,14-Sep-18,2043.95,2044.0,2071.55,2018.15,2066.95,2065.4,2042.02,3642038,7437129776.0,160266,2334308,64.09,9,2018,2503.3524831715386,0.010494385870495782,Slight positive
335,TCS,EQ,17-Sep-18,2065.4,2070.0,2077.8,2054.55,2072.0,2074.15,2067.17,1033857,2137157571.0,66371,547913,53.0,9,2018,2502.613623878827,0.004236467512346298,Slight positive
336,TCS,EQ,18-Sep-18,2074.15,2073.0,2078.8,2057.6,2074.0,2070.75,2069.75,1456507,3014609448.0,77936,978158,67.16,9,2018,2501.568792380899,-0.0016392257069161031,Slight positive
337,TCS,EQ,19-Sep-18,2070.75,2071.9,2089.0,2066.85,2076.0,2077.9,2081.53,1301268,2708622536.0,122321,893572,68.67,9,2018,2500.655010443515,0.003452855245684061,Slight positive
338,TCS,EQ,21-Sep-18,2077.9,2077.0,2121.0,2050.15,2111.9,2103.15,2083.75,4508530,9394632968.0,163985,3097568,68.7,9,2018,2497.706561725903,0.01215169161172347,Slight positive
339,TCS,EQ,24-Sep-18,2103.15,2115.0,2210.5,2098.15,2208.0,2198.45,2168.27,3032226,6574669913.0,134605,1315871,43.4,9,2018,2496.2211045820527,0.04531298290659236,Slight positive
340,TCS,EQ,25-Sep-18,2198.45,2204.9,2211.9,2153.8,2183.1,2183.2,2186.15,2868778,6271565161.0,141519,1361286,47.45,9,2018,2494.757948507182,-0.0069367054060816,Slight positive
341,TCS,EQ,26-Sep-18,2183.2,2187.0,2199.0,2135.1,2147.15,2142.15,2161.8,1970951,4260808099.0,95921,1029552,52.24,9,2018,2493.6292042459436,-0.018802674972517308,Slight positive
342,TCS,EQ,27-Sep-18,2142.15,2141.9,2209.7,2135.8,2185.0,2188.85,2175.57,3311802,7205048027.0,110444,2154576,65.06,9,2018,2491.9986037640456,0.021800527507410683,Slight positive
343,TCS,EQ,28-Sep-18,2188.85,2178.0,2190.0,2158.85,2186.0,2183.7,2177.54,2904371,6324389223.0,150520,1991218,68.56,9,2018,2490.558848701059,-0.002352833679786226,Slight positive
344,TCS,EQ,1-Oct-18,2183.7,2190.9,2275.95,2190.35,2250.3,2255.55,2242.36,3772208,8458652685.0,201352,1984270,52.6,10,2018,2489.1420159368536,0.032902871273526646,Slight positive
345,TCS,EQ,3-Oct-18,2255.55,2250.3,2255.0,2155.6,2156.65,2162.85,2195.08,3902322,8565892401.0,205361,2169318,55.59,10,2018,2487.119611088781,-0.0410986233956242,Slight positive
346,TCS,EQ,4-Oct-18,2162.85,2156.6,2156.65,2056.35,2063.0,2064.8,2084.35,4762419,9926539005.0,190870,2569525,53.95,10,2018,2483.949060787284,-0.045333703215664434,Slight positive
347,TCS,EQ,5-Oct-18,2064.8,2050.0,2120.0,2020.9,2100.0,2102.65,2079.05,3417624,7105425700.0,141442,1731277,50.66,10,2018,2481.9058069813364,0.018331073227431105,Slight positive
348,TCS,EQ,8-Oct-18,2102.65,2102.65,2122.2,2048.15,2077.4,2077.55,2074.99,2010154,4171051462.0,133651,757445,37.68,10,2018,2480.635353847208,-0.011937317194968156,Slight positive
349,TCS,EQ,9-Oct-18,2077.55,2080.35,2107.65,2053.2,2093.2,2091.8,2086.07,1867130,3894967408.0,95316,945345,50.63,10,2018,2479.5038908631204,0.00685904069697485,Slight positive
350,TCS,EQ,10-Oct-18,2091.8,2100.0,2105.95,2029.0,2044.0,2043.6,2063.1,2749573,5672634239.0,185433,1502793,54.66,10,2018,2477.6439505374515,-0.023042355865761643,Slight positive
351,TCS,EQ,11-Oct-18,2043.6,1985.0,2013.0,1941.0,1995.0,1979.95,1984.8,4700256,9329052362.0,217064,2021364,43.01,10,2018,2474.0400678392766,-0.031146016833039636,Slight positive
352,TCS,EQ,12-Oct-18,1979.95,1978.0,1978.0,1903.0,1920.0,1918.3,1927.35,9373289,18065633067.0,337356,2762121,29.47,10,2018,2466.129203092939,-0.031137149928028518,Slight positive
353,TCS,EQ,15-Oct-18,1918.3,1940.0,1955.55,1920.0,1954.6,1949.5,1939.74,2638151,5117323443.0,102337,763748,28.95,10,2018,2464.067612899034,0.016264400771516474,Slight positive
354,TCS,EQ,16-Oct-18,1949.5,1958.0,1971.9,1935.0,1964.05,1962.3,1952.66,2815425,5497567674.0,116402,1452366,51.59,10,2018,2461.9398424939764,0.006565786098999826,Slight positive
355,TCS,EQ,17-Oct-18,1962.3,1970.0,1989.0,1920.0,1930.0,1929.4,1945.4,2779207,5406659606.0,149723,1740869,62.64,10,2018,2459.7199240768314,-0.016766039851194958,Slight positive
356,TCS,EQ,19-Oct-18,1929.4,1929.0,1929.0,1870.05,1920.0,1913.2,1896.96,3428776,6504263186.0,152721,2021191,58.95,10,2018,2456.9236396564984,-0.00839639266093084,Slight positive
357,TCS,EQ,22-Oct-18,1913.2,1914.0,1916.0,1886.95,1900.25,1903.0,1903.03,1778496,3384527484.0,104583,1098447,61.76,10,2018,2455.4574573882987,-0.005331381977838223,Slight positive
358,TCS,EQ,23-Oct-18,1903.0,1888.0,1898.0,1837.0,1847.75,1843.65,1865.59,2752811,5135609621.0,150962,1768972,64.26,10,2018,2452.961134951646,-0.03118759852863895,Slight positive
359,TCS,EQ,24-Oct-18,1843.65,1852.05,1874.0,1811.1,1865.5,1848.5,1841.95,2735913,5039409503.0,143163,1233577,45.09,10,2018,2450.5198268279973,0.0026306511539608834,Slight positive
360,TCS,EQ,25-Oct-18,1848.5,1844.0,1876.9,1825.05,1845.0,1853.0,1859.3,2507233,4661706321.0,160372,1384218,55.21,10,2018,2448.3164210270543,0.002434406275358292,Slight positive
361,TCS,EQ,26-Oct-18,1853.0,1853.9,1853.9,1791.1,1796.0,1799.1,1813.56,2285970,4145736813.0,166483,1227023,53.68,10,2018,2446.1409676596068,-0.02908796546141401,Slight positive
362,TCS,EQ,29-Oct-18,1799.1,1808.7,1877.95,1784.35,1866.0,1871.0,1832.62,2609483,4782188593.0,119651,1435920,55.03,10,2018,2443.949371781403,0.039964426657773444,Slight positive
363,TCS,EQ,30-Oct-18,1871.0,1867.0,1909.4,1845.0,1894.0,1894.8,1890.59,2404883,4546640693.0,125360,1105832,45.98,10,2018,2442.02763601276,0.012720470336718304,Slight positive
364,TCS,EQ,31-Oct-18,1894.8,1900.0,1943.9,1875.45,1934.6,1938.15,1915.93,2769190,5305567327.0,155493,1465913,52.94,10,2018,2440.005359437912,0.02287840405319841,Slight positive
365,TCS,EQ,1-Nov-18,1938.15,1943.65,1944.35,1901.3,1928.0,1935.75,1918.75,2769759,5314468624.0,136593,1759583,63.53,11,2018,2437.9892442536384,-0.0012382942496711458,Slight positive
366,TCS,EQ,2-Nov-18,1935.75,1934.2,1954.6,1905.0,1913.45,1913.45,1926.04,1818635,3502756050.0,89292,770182,42.35,11,2018,2436.615810441482,-0.011520082655301578,Slight positive
367,TCS,EQ,5-Nov-18,1913.45,1910.0,1927.35,1884.75,1894.0,1890.85,1901.41,1713366,3257810199.0,97267,932470,54.42,11,2018,2435.2728269483982,-0.011811126499255309,Slight positive
368,TCS,EQ,6-Nov-18,1890.85,1894.0,1937.5,1891.0,1930.0,1932.7,1926.88,1398710,2695142003.0,81458,581307,41.56,11,2018,2434.265270604782,0.02213290319168637,Slight positive
369,TCS,EQ,7-Nov-18,1932.7,1940.0,1949.0,1937.0,1941.0,1942.15,1942.26,144530,280714185.3,9190,41471,28.69,11,2018,2434.1633463500434,0.004889532777978989,Slight positive
370,TCS,EQ,9-Nov-18,1942.15,1961.0,1961.95,1905.0,1908.0,1909.2,1918.61,2570479,4931753732.0,201582,1692526,65.84,11,2018,2432.236713615485,-0.016965733851659226,Slight positive
371,TCS,EQ,12-Nov-18,1909.2,1908.5,1946.1,1908.5,1917.8,1914.85,1928.01,2552008,4920284834.0,94374,1323167,51.85,11,2018,2430.3583760209276,0.0029593547035406953,Slight positive
372,TCS,EQ,13-Nov-18,1914.85,1915.0,1939.0,1903.0,1936.2,1934.95,1927.95,1418432,2734662511.0,60182,724102,51.05,11,2018,2429.3607385265445,0.01049690576285367,Slight positive
373,TCS,EQ,14-Nov-18,1934.95,1925.0,1929.9,1870.0,1880.0,1880.65,1883.81,2422318,4563195897.0,112536,1410903,58.25,11,2018,2427.4801900312777,-0.028062740639292927,Slight positive
374,TCS,EQ,15-Nov-18,1880.65,1864.0,1899.0,1857.6,1877.0,1872.85,1881.5,1829123,3441500866.0,132944,746855,40.83,11,2018,2426.0485498958215,-0.004147502193390662,Slight positive
375,TCS,EQ,16-Nov-18,1872.85,1889.0,1899.8,1870.25,1889.0,1886.6,1883.01,1829729,3445403284.0,86826,1011076,55.26,11,2018,2424.6592234562677,0.007341751875483915,Slight positive
376,TCS,EQ,19-Nov-18,1886.6,1899.0,1907.35,1864.3,1902.0,1902.45,1883.58,1740628,3278604708.0,81373,964132,55.39,11,2018,2423.38291612292,0.008401356938407822,Slight positive
377,TCS,EQ,20-Nov-18,1902.45,1902.0,1902.0,1874.2,1880.0,1878.25,1883.47,1190182,2241673953.0,60265,569446,47.85,11,2018,2422.473431469599,-0.012720439433362318,Slight positive
378,TCS,EQ,21-Nov-18,1878.25,1871.0,1871.05,1798.55,1813.0,1812.0,1813.73,3840461,6965554445.0,182675,1879471,48.94,11,2018,2419.2045590273483,-0.03527219486223876,Slight positive
379,TCS,EQ,22-Nov-18,1812.0,1820.0,1847.6,1809.95,1816.2,1812.55,1830.63,3194219,5847440797.0,139414,1785075,55.88,11,2018,2416.5147334692647,0.00030353200883004305,Slight positive
380,TCS,EQ,26-Nov-18,1812.55,1819.0,1860.0,1784.5,1846.0,1846.1,1813.41,4333177,7857828743.0,203328,2541269,58.65,11,2018,2413.104290933167,0.01850983421147001,Slight positive
381,TCS,EQ,27-Nov-18,1846.1,1854.0,1897.9,1835.35,1895.0,1890.25,1864.24,3344839,6235572685.0,143244,1708874,51.09,11,2018,2410.702309033152,0.023915280862358612,Slight positive
382,TCS,EQ,28-Nov-18,1890.25,1889.0,1989.0,1882.5,1985.05,1983.9,1951.77,5313249,10370244429.0,227744,2551399,48.02,11,2018,2407.6102839400783,0.04954371114931888,Slight positive
383,TCS,EQ,29-Nov-18,1983.9,1997.0,1997.0,1942.55,1970.0,1960.55,1964.64,4035441,7928194386.0,160612,1363605,33.79,11,2018,2405.1638691805897,-0.011769746458994979,Slight positive
384,TCS,EQ,30-Nov-18,1960.55,1966.0,1991.0,1959.85,1974.8,1968.25,1972.18,5268901,10391195273.0,205076,3365155,63.87,11,2018,2402.064331429951,0.003927469332585254,Slight positive
385,TCS,EQ,3-Dec-18,1968.25,1984.0,1990.0,1968.3,1984.0,1982.4,1978.67,1610576,3186800046.0,125194,839773,52.14,12,2018,2401.1562525216955,0.0071891273974342695,Slight positive
386,TCS,EQ,4-Dec-18,1982.4,1983.0,2019.4,1971.0,2009.85,2010.85,2004.77,3270615,6556823315.0,143841,1493209,45.66,12,2018,2399.448711730228,0.01435129136400315,Slight positive
387,TCS,EQ,5-Dec-18,2010.85,2006.0,2018.0,1985.0,2003.9,2006.75,2004.02,2501539,5013123489.0,107625,1257790,50.28,12,2018,2398.139071138832,-0.002038938757241926,Slight positive
388,TCS,EQ,6-Dec-18,2006.75,1998.0,2017.0,1979.6,1990.0,1992.7,1997.82,2321216,4637371316.0,123556,1077051,46.4,12,2018,2396.8882804345862,-0.007001370374984384,Slight positive
389,TCS,EQ,7-Dec-18,1992.7,1985.05,2003.9,1973.0,1999.85,1995.2,1991.36,1680420,3346325827.0,99269,787957,46.89,12,2018,2395.9931596657934,0.0012545792141316348,Slight positive
390,TCS,EQ,10-Dec-18,1995.2,1975.0,2011.0,1960.0,1961.0,1975.8,1988.81,2010786,3999073164.0,131125,881798,43.85,12,2018,2394.875697160432,-0.009723336006415395,Slight positive
391,TCS,EQ,11-Dec-18,1975.8,1970.0,2010.0,1961.0,1997.05,2000.0,1993.07,2942014,5863626490.0,155565,1411423,47.97,12,2018,2393.345185288873,0.012248203259439316,Slight positive
392,TCS,EQ,12-Dec-18,2000.0,2001.1,2022.0,1984.95,2016.5,2016.8,2011.87,2219993,4466342396.0,137802,941049,42.39,12,2018,2392.247110468031,0.008399999999999963,Slight positive
393,TCS,EQ,13-Dec-18,2016.8,2024.0,2029.7,1974.5,1981.95,1982.6,1995.57,3748429,7480237533.0,230059,2212914,59.04,12,2018,2390.2399170554827,-0.01695755652518849,Slight positive
394,TCS,EQ,14-Dec-18,1982.6,1983.0,1998.95,1975.25,1989.0,1989.75,1984.61,2473761,4909442438.0,131978,1452064,58.7,12,2018,2388.9490625671415,0.003606375466559175,Slight positive
395,TCS,EQ,17-Dec-18,1989.75,1999.0,2004.9,1985.0,1992.9,1994.3,1993.85,1227921,2448295271.0,82547,588400,47.92,12,2018,2388.31866404673,0.0022867194371152255,Slight positive
396,TCS,EQ,18-Dec-18,1994.3,1991.9,2002.0,1976.4,1987.9,1987.85,1986.56,1768742,3513711449.0,98048,969344,54.8,12,2018,2387.399340065597,-0.0032342175199318035,Slight positive
397,TCS,EQ,19-Dec-18,1987.85,1984.8,1984.8,1960.05,1970.8,1968.45,1968.84,2498833,4919804831.0,162431,1521333,60.88,12,2018,2386.044998887601,-0.009759287672611028,Slight positive
398,TCS,EQ,20-Dec-18,1968.45,1953.8,1974.9,1946.0,1955.0,1954.05,1955.65,1940277,3794509954.0,110330,985457,50.79,12,2018,2384.963358157378,-0.0073154004419722085,Slight positive
399,TCS,EQ,21-Dec-18,1954.05,1948.0,1950.0,1886.55,1905.0,1895.8,1913.17,3729956,7136052188.0,148411,2165114,58.05,12,2018,2382.6201394649966,-0.029809882039865898,Slight positive
400,TCS,EQ,24-Dec-18,1895.8,1905.8,1938.9,1905.0,1922.0,1918.5,1924.7,1864116,3587857372.0,94556,584722,31.37,12,2018,2381.511679334669,0.011973836902626989,Slight positive
401,TCS,EQ,26-Dec-18,1918.5,1921.8,1921.8,1870.25,1892.0,1889.2,1884.77,2446614,4611297889.0,97165,1206484,49.31,12,2018,2379.9733011468666,-0.015272348188689056,Slight positive
402,TCS,EQ,27-Dec-18,1889.2,1909.0,1941.7,1872.1,1909.1,1908.95,1920.44,4968201,9541145914.0,143656,1869270,37.62,12,2018,2377.0033314590573,0.010454160491213171,Slight positive
403,TCS,EQ,28-Dec-18,1908.95,1915.0,1920.0,1893.0,1897.0,1896.05,1907.36,2239130,4270838132.0,112230,1238176,55.3,12,2018,2375.6404430564553,-0.006757641635454115,Slight positive
404,TCS,EQ,31-Dec-18,1896.05,1908.0,1909.0,1886.15,1894.75,1893.05,1896.42,1879740,3564772254.0,66284,1025862,54.57,12,2018,2374.4951341585047,-0.0015822367553598449,Slight positive
405,TCS,EQ,1-Jan-19,1893.05,1896.0,1910.0,1885.0,1905.9,1902.8,1899.78,1094883,2080034194.0,32636,489139,44.68,1,2019,2373.843992746822,0.005150418636591825,Slight positive
406,TCS,EQ,2-Jan-19,1902.8,1905.0,1934.45,1900.0,1919.0,1923.3,1922.9,2100463,4038986341.0,85488,664045,31.61,1,2019,2372.653984856441,0.010773596804708907,Slight positive
407,TCS,EQ,3-Jan-19,1923.3,1919.0,1944.95,1893.1,1901.0,1899.95,1916.85,2611668,5006177891.0,144072,1250117,47.87,1,2019,2371.106662124176,-0.012140591691363722,Slight positive
408,TCS,EQ,4-Jan-19,1899.95,1900.0,1901.2,1841.0,1882.0,1876.85,1869.19,4280862,8001741605.0,208198,1657983,38.73,1,2019,2368.4689130156976,-0.012158214689860336,Slight positive
409,TCS,EQ,7-Jan-19,1876.85,1891.8,1908.8,1881.0,1898.0,1897.9,1894.04,1856423,3516134996.0,87327,956009,51.5,1,2019,2367.3823724229364,0.0112156006074009,Slight positive
410,TCS,EQ,8-Jan-19,1897.9,1905.4,1906.4,1883.3,1891.0,1893.55,1892.03,1691756,3200853934.0,93357,795046,47.0,1,2019,2366.3874359277993,-0.0022920069550557143,Slight positive
411,TCS,EQ,9-Jan-19,1893.55,1907.4,1919.0,1866.7,1884.6,1886.95,1897.56,2414376,4581424759.0,120123,996472,41.27,1,2019,2364.955016287766,-0.0034855166222175216,Slight positive
412,TCS,EQ,10-Jan-19,1886.95,1890.0,1905.0,1872.1,1883.0,1888.55,1891.77,3053461,5776451270.0,123512,1290181,42.25,1,2019,2363.1616697879685,0.0008479291979119896,Slight positive
413,TCS,EQ,11-Jan-19,1888.55,1870.0,1875.0,1835.0,1843.45,1842.55,1849.37,9209862,17032412187.0,290559,2969901,32.25,1,2019,2357.3170086800806,-0.02435731116465012,Slight positive
414,TCS,EQ,14-Jan-19,1842.55,1850.0,1851.0,1810.0,1815.45,1813.25,1817.21,3615370,6569891233.0,193940,2059040,56.95,1,2019,2354.9298146759197,-0.01590187511872132,Slight positive
415,TCS,EQ,15-Jan-19,1813.25,1810.0,1869.35,1808.0,1866.0,1867.8,1857.55,7711653,14324788401.0,199057,1656095,21.48,1,2019,2350.4130330037665,0.030084103129739415,Slight positive
416,TCS,EQ,16-Jan-19,1867.8,1870.0,1875.0,1847.0,1873.95,1870.15,1861.89,2359280,4392724354.0,131093,1033927,43.82,1,2019,2349.054515227212,0.0012581646857265927,Slight positive
417,TCS,EQ,17-Jan-19,1870.15,1878.0,1898.0,1871.3,1895.0,1894.3,1887.33,2625816,4955787778.0,124983,1357445,51.7,1,2019,2347.6273217076596,0.012913402668235152,Slight positive
418,TCS,EQ,18-Jan-19,1894.3,1881.0,1904.2,1876.0,1899.5,1900.65,1891.36,1683728,3184540713.0,110667,811536,48.2,1,2019,2346.729632748808,0.0033521617484031374,Slight positive
419,TCS,EQ,21-Jan-19,1900.65,1902.0,1932.0,1895.45,1903.5,1908.7,1916.27,2409803,4617841217.0,119665,1055927,43.82,1,2019,2345.47416101462,0.004235393154973233,Slight positive
420,TCS,EQ,22-Jan-19,1908.7,1907.1,1918.25,1890.0,1896.7,1901.9,1902.97,2457093,4675762855.0,186202,1563235,63.62,1,2019,2344.1816257553055,-0.00356263425368053,Slight positive
421,TCS,EQ,23-Jan-19,1901.9,1901.0,1906.1,1870.0,1881.0,1875.6,1882.8,2578169,4854176209.0,116599,1508210,58.5,1,2019,2342.7533062281045,-0.013828276986171839,Slight positive
422,TCS,EQ,24-Jan-19,1875.6,1884.8,1905.25,1875.0,1902.0,1901.55,1893.8,1962927,3717393857.0,109822,967677,49.3,1,2019,2341.731743799198,0.013835572616762715,Slight positive
423,TCS,EQ,25-Jan-19,1901.55,1902.0,1935.0,1901.0,1919.5,1920.8,1921.92,2327080,4472468048.0,96992,1023079,43.96,1,2019,2340.5794731044457,0.010123320449107354,Slight positive
424,TCS,EQ,28-Jan-19,1920.8,1933.0,1962.0,1925.5,1960.0,1955.0,1948.39,2769033,5395144625.0,108034,1458544,52.67,1,2019,2339.3275973538975,0.017805081216159868,Slight positive
425,TCS,EQ,29-Jan-19,1955.0,1962.0,1989.05,1936.65,1983.35,1982.75,1959.99,2557626,5012920415.0,120832,1311491,51.28,1,2019,2338.261468142398,0.014194373401534621,Slight positive
426,TCS,EQ,30-Jan-19,1982.75,1979.6,1989.5,1954.65,1984.15,1981.4,1975.06,2429575,4798566667.0,112445,1325919,54.57,1,2019,2337.250780435842,-0.0006808725255327275,Slight positive
427,TCS,EQ,31-Jan-19,1981.4,1987.0,2019.75,1985.0,2009.5,2014.1,2008.37,4094319,8222922480.0,146142,2810409,68.64,1,2019,2335.715788660347,0.016503482386191592,Slight positive
428,TCS,EQ,1-Feb-19,2014.1,2009.5,2034.75,1998.1,2024.2,2029.95,2022.08,3064163,6195976320.0,113684,1682369,54.9,2,2019,2334.632663176288,0.007869519884812215,Slight positive
429,TCS,EQ,4-Feb-19,2029.95,2029.95,2055.45,2023.0,2049.2,2050.25,2039.87,1590764,3244951832.0,67625,718838,45.19,2,2019,2334.110641001649,0.010000246311485439,Slight positive
430,TCS,EQ,5-Feb-19,2050.25,2050.0,2055.0,2028.0,2051.0,2044.55,2043.13,1111404,2270739557.0,50408,333979,30.05,2,2019,2333.7397596932824,-0.002780148762346113,Slight positive
431,TCS,EQ,6-Feb-19,2044.55,2049.9,2086.85,2041.05,2070.0,2074.8,2067.55,1789812,3700533606.0,84074,886665,49.54,2,2019,2333.2067504607326,0.014795431757599564,Slight positive
432,TCS,EQ,7-Feb-19,2074.8,2074.75,2097.95,2067.0,2078.25,2082.9,2084.77,1339945,2793476400.0,67902,658726,49.16,2,2019,2332.8216098119206,0.003903990746096042,Slight positive
433,TCS,EQ,8-Feb-19,2082.9,2075.0,2089.5,2051.0,2055.65,2061.4,2072.46,1684474,3490998247.0,71171,936611,55.6,2,2019,2332.2976121947777,-0.010322147006577409,Slight positive
434,TCS,BL,11-Feb-19,2604.2,2061.4,2061.4,2061.4,2061.4,2061.4,2061.4,376308,775721311.2,1,0,0.0,2,2019,2332.1808285723873,0.0,Slight positive
435,TCS,EQ,11-Feb-19,2061.4,2060.0,2096.0,2048.9,2065.6,2065.9,2077.11,1778730,3694622316.0,83603,901516,50.68,2,2019,2331.6393276811837,0.0021829824391190744,Slight positive
436,TCS,EQ,12-Feb-19,2065.9,2070.0,2070.0,2018.0,2051.0,2051.6,2042.96,2422903,4949899351.0,115864,1168012,48.21,2,2019,2330.86575174371,-0.006921922648724599,Slight positive
437,TCS,EQ,13-Feb-19,2051.6,2062.0,2083.0,2050.5,2057.0,2065.4,2064.32,2808581,5797796620.0,141176,1586016,56.47,2,2019,2330.01841718567,0.0067264573991032695,Slight positive
438,TCS,EQ,14-Feb-19,2065.4,2060.05,2075.0,2033.05,2049.0,2044.6,2050.83,1724085,3535809085.0,82641,917991,53.25,2,2019,2329.4602683561725,-0.010070688486491841,Slight positive
439,TCS,EQ,15-Feb-19,2044.6,2049.0,2052.0,2010.95,2034.6,2029.7,2031.88,1930065,3921659542.0,96728,1068343,55.35,2,2019,2328.8054729159826,-0.007287488995402436,Slight positive
440,TCS,BL,18-Feb-19,2061.4,2029.7,2029.7,2029.7,2029.7,2029.7,2029.7,2474600,5022695620.0,1,0,0.0,2,2019,2327.970111547111,0.0,Slight positive
441,TCS,EQ,18-Feb-19,2029.7,2037.6,2041.95,1962.65,1969.6,1970.3,1988.87,2942184,5851634019.0,100585,1668905,56.72,2,2019,2326.786367589121,-0.029265408681085958,Slight positive
442,TCS,EQ,19-Feb-19,1970.3,1970.0,1971.0,1892.0,1907.6,1904.8,1930.07,4408554,8508831637.0,161765,2254434,51.14,2,2019,2324.7040282608896,-0.03324366847688165,Slight positive
443,TCS,EQ,20-Feb-19,1904.8,1915.0,1933.8,1881.3,1913.3,1914.75,1908.2,4645778,8865093022.0,139504,2232869,48.06,2,2019,2322.5832367091157,0.005223645527089538,Slight positive
444,TCS,EQ,21-Feb-19,1914.75,1914.75,1940.0,1897.05,1912.0,1914.2,1922.84,4683919,9006448535.0,171685,2335145,49.85,2,2019,2320.464278519479,-0.00028724376550459674,Slight positive
445,TCS,EQ,22-Feb-19,1914.2,1917.2,1930.0,1905.1,1929.0,1925.65,1920.72,2271955,4363786271.0,112148,1355421,59.66,2,2019,2319.4731133529567,0.005981611116915753,Slight positive
446,TCS,BL,25-Feb-19,2029.7,1925.65,1925.65,1925.65,1925.65,1925.65,1925.65,1057509,2036392206.0,2,0,0.0,2,2019,2319.0134588264864,0.0,Slight positive
447,TCS,EQ,25-Feb-19,1925.65,1932.5,1990.0,1930.5,1987.0,1985.15,1961.61,2934880,5757094593.0,140541,1341508,45.71,2,2019,2317.9355028728905,0.030898657596136303,Slight positive
448,TCS,EQ,26-Feb-19,1985.15,1984.0,2045.15,1972.25,2032.5,2038.7,2022.12,6453309,13049353836.0,177907,3366710,52.17,2,2019,2315.96706134548,0.026975291539682145,Slight positive
449,TCS,EQ,27-Feb-19,2038.7,2040.0,2074.95,2022.0,2052.5,2058.1,2050.25,4732082,9701947351.0,168823,2532055,53.51,2,2019,2314.6409548829315,0.009515867955069313,Slight positive
450,TCS,EQ,28-Feb-19,2058.1,2060.0,2071.35,1977.6,1983.5,1983.45,2009.42,8454295,16988212895.0,284872,3927877,46.46,2,2019,2311.625768469855,-0.0362713182061124,Slight positive
451,TCS,EQ,1-Mar-19,1983.45,1995.05,2005.0,1980.35,1995.0,1995.4,1993.73,4148548,8271064290.0,128204,2071633,49.94,3,2019,2310.219345878292,0.006024855680758279,Slight positive
452,TCS,EQ,5-Mar-19,1995.4,2005.0,2007.0,1976.6,1985.05,1988.1,1987.11,2449622,4867670462.0,151723,1394714,56.94,3,2019,2309.3756240065445,-0.0036584143530120627,Slight positive
453,TCS,EQ,6-Mar-19,1988.1,1989.3,2015.0,1985.05,2005.0,1999.6,2001.3,2635047,5273530564.0,179625,1257394,47.72,3,2019,2308.5052676503437,0.005784417282832965,Slight positive
454,TCS,EQ,7-Mar-19,1999.6,2005.0,2024.05,2000.2,2015.0,2013.3,2014.4,2539884,5116330320.0,126121,1392383,54.82,3,2019,2307.7079618347916,0.006851370274054913,Slight positive
455,TCS,EQ,8-Mar-19,2013.3,2025.0,2033.0,2010.05,2022.75,2022.7,2023.03,2031071,4108921516.0,116872,971744,47.84,3,2019,2307.0937303558753,0.004668951472706517,Slight positive
456,TCS,EQ,11-Mar-19,2022.7,2028.9,2033.0,2003.65,2016.15,2014.8,2017.1,3111689,6276593842.0,104833,2195339,70.55,3,2019,2306.1318211512526,-0.003905670638255865,Slight positive
457,TCS,EQ,12-Mar-19,2014.8,2014.05,2024.8,2003.0,2009.1,2012.45,2015.6,2658550,5358583633.0,132223,1716971,64.58,3,2019,2305.3084020883975,-0.0011663688703592578,Slight positive
458,TCS,EQ,13-Mar-19,2012.45,2013.0,2015.9,1978.6,1995.0,2000.5,2001.12,1833163,3668374640.0,112785,821473,44.81,3,2019,2304.7202519216607,-0.00593803572759577,Slight positive
459,TCS,EQ,14-Mar-19,2000.5,2004.95,2007.8,1981.0,1990.4,1987.4,1991.28,1905495,3794368664.0,124863,1000627,52.51,3,2019,2304.085073676604,-0.006548362909272631,Slight positive
460,TCS,EQ,15-Mar-19,1987.4,1998.9,2068.95,1991.0,2036.0,2039.95,2040.01,5184318,10576085296.0,164284,2256287,43.52,3,2019,2302.6543724642793,0.026441581966388128,Slight positive
461,TCS,EQ,18-Mar-19,2039.95,2043.0,2064.6,2011.0,2023.85,2022.8,2033.02,2349915,4777435477.0,116385,867727,36.93,3,2019,2301.968962325315,-0.008407068800705964,Slight positive
462,TCS,EQ,19-Mar-19,2022.8,2030.0,2030.0,1995.1,2028.5,2022.8,2010.71,2373993,4773416985.0,135360,1176359,49.55,3,2019,2301.2799299802023,0.0,Slight positive
463,TCS,EQ,20-Mar-19,2022.8,2028.0,2044.8,2000.0,2000.25,2015.05,2025.82,3091165,6262136193.0,161415,1678488,54.3,3,2019,2300.3629986994015,-0.003831322918726565,Slight positive
464,TCS,BL,22-Mar-19,1925.65,2015.05,2015.05,2015.05,2015.05,2015.05,2015.05,264913,533812940.7,1,264913,100.0,3,2019,2300.2846908725064,0.0,Slight positive
465,TCS,EQ,22-Mar-19,2015.05,2015.0,2016.0,1983.3,2010.0,2005.65,1998.96,3148149,6293031837.0,155770,1787595,56.78,3,2019,2299.326823685108,-0.004664896652688433,Slight positive
466,TCS,EQ,25-Mar-19,2005.65,2007.8,2007.8,1977.2,1980.8,1984.25,1987.88,2429205,4828960486.0,94852,1430988,58.91,3,2019,2298.5384018235586,-0.010669857652132797,Slight positive
467,TCS,EQ,26-Mar-19,1984.25,1984.0,1994.95,1958.05,1977.4,1982.65,1971.46,2316539,4566962638.0,114153,893480,38.57,3,2019,2297.7864046210457,-0.0008063500062995832,Slight positive
468,TCS,EQ,27-Mar-19,1982.65,1994.0,1998.0,1961.0,1964.85,1967.9,1979.12,2266166,4485003551.0,110306,1163070,51.32,3,2019,2297.01994575836,-0.007439537992081302,Slight positive
469,TCS,EQ,28-Mar-19,1967.9,1980.0,2014.6,1972.8,2004.45,2000.3,1993.96,4054489,8084506923.0,144600,2150827,53.05,3,2019,2295.791618733548,0.016464251232277904,Slight positive
470,TCS,EQ,29-Mar-19,2000.3,2019.0,2024.9,1983.55,2000.0,2001.65,2001.7,2948955,5902926701.0,134193,1191681,40.41,3,2019,2294.9086402890225,0.0006748987651852278,Slight positive
471,TCS,EQ,1-Apr-19,2001.65,2010.0,2039.95,2008.25,2034.95,2031.65,2027.91,2095740,4249964902.0,109983,748739,35.73,4,2019,2294.3482120666745,0.014987635200959248,Slight positive
472,TCS,EQ,2-Apr-19,2031.65,2037.1,2086.0,2037.0,2079.0,2079.3,2064.13,3719663,7677855817.0,124157,1757245,47.24,4,2019,2293.5387405668816,0.02345384293554509,Slight positive
473,TCS,EQ,3-Apr-19,2079.3,2085.0,2089.6,2058.1,2078.15,2079.3,2073.86,2939886,6096919299.0,119988,1164726,39.62,4,2019,2292.903262590952,0.0,Slight positive
474,TCS,EQ,4-Apr-19,2079.3,2078.15,2079.7,2007.4,2017.0,2014.5,2039.77,4397518,8969909269.0,145227,2310866,52.55,4,2019,2291.673471637029,-0.03116433415091624,Slight positive
475,TCS,EQ,5-Apr-19,2014.5,2028.65,2054.4,2018.8,2051.0,2048.3,2037.19,3152103,6421435440.0,96704,1536645,48.75,4,2019,2290.9053145202606,0.016778356912385384,Slight positive
476,TCS,EQ,8-Apr-19,2048.3,2059.0,2075.0,2032.7,2073.6,2070.75,2056.64,2194294,4512880261.0,130397,788699,35.94,4,2019,2290.422647948581,0.010960308548552344,Slight positive
477,TCS,EQ,9-Apr-19,2070.75,2070.0,2098.0,2057.65,2087.45,2091.5,2085.63,2690970,5612369594.0,122603,1036682,38.52,4,2019,2289.889251368253,0.010020523964747063,Slight positive
478,TCS,EQ,10-Apr-19,2091.5,2083.0,2085.5,2036.0,2043.65,2040.25,2053.91,3313062,6804718227.0,168190,1821699,54.99,4,2019,2289.0678258443227,-0.024503944537413336,Slight positive
479,TCS,EQ,11-Apr-19,2040.25,2045.0,2055.0,2013.65,2025.0,2019.5,2028.47,3422442,6942308979.0,133153,1568180,45.82,4,2019,2288.154646222472,-0.010170322264428378,Slight positive
480,TCS,EQ,12-Apr-19,2019.5,2038.0,2039.0,2007.0,2013.05,2014.5,2019.97,3198471,6460808052.0,126989,1040440,32.53,4,2019,2287.2910225269934,-0.0024758603614756236,Slight positive
481,TCS,EQ,15-Apr-19,2014.5,2070.0,2119.8,2041.0,2113.0,2113.3,2086.02,9189201,19168862828.0,282918,3402175,37.02,4,2019,2285.7276446820065,0.04904442789774155,Slight positive
482,TCS,EQ,16-Apr-19,2113.3,2120.0,2155.95,2115.55,2137.0,2131.8,2137.54,5771952,12337757820.0,222230,2514452,43.56,4,2019,2284.863762617779,0.0087540812946576,Slight positive
483,TCS,EQ,18-Apr-19,2131.8,2149.9,2155.0,2114.2,2149.25,2150.05,2138.81,3413728,7301311596.0,159168,1564757,45.84,4,2019,2284.4177582535553,0.008560840604184161,Slight positive
484,TCS,EQ,22-Apr-19,2150.05,2148.0,2176.0,2145.6,2160.3,2161.45,2165.74,2007135,4346926221.0,79881,717594,35.75,4,2019,2284.1790321785215,0.005302202274365619,Slight positive
485,TCS,EQ,23-Apr-19,2161.45,2163.0,2165.5,2134.05,2163.0,2155.05,2147.21,2163524,4645533582.0,88782,970246,44.85,4,2019,2283.9093763820324,-0.0029609752712298487,Slight positive
486,TCS,EQ,24-Apr-19,2155.05,2158.0,2195.0,2156.1,2168.6,2183.45,2172.32,3003071,6523621910.0,128669,1718919,57.24,4,2019,2283.619025469176,0.013178348530196393,Slight positive
487,TCS,EQ,25-Apr-19,2183.45,2175.0,2205.0,2168.05,2203.0,2195.0,2189.55,4211526,9221344246.0,108403,2971130,70.55,4,2019,2283.2612777985983,0.0052897936751472585,Slight positive
488,TCS,EQ,26-Apr-19,2195.0,2203.0,2243.95,2193.15,2231.1,2238.55,2225.36,2716958,6046198156.0,110079,1175323,43.26,4,2019,2283.1451380727785,0.01984054669703883,Slight positive
489,TCS,EQ,30-Apr-19,2238.55,2238.55,2266.95,2230.1,2256.25,2260.35,2252.48,3488395,7857544876.0,135194,2026970,58.11,4,2019,2283.069367132844,0.009738446762413089,Slight positive
490,TCS,EQ,2-May-19,2260.35,2255.0,2259.4,2211.1,2214.7,2215.4,2227.88,2457699,5475449035.0,106215,1064368,43.31,5,2019,2282.9112642728933,-0.01988630079412468,Slight positive
491,TCS,EQ,3-May-19,2215.4,2185.0,2186.05,2125.0,2137.0,2132.0,2153.0,3780886,8140257404.0,188561,1641641,43.42,5,2019,2282.3707888136264,-0.037645571905750685,Slight positive
492,TCS,EQ,6-May-19,2132.0,2110.0,2165.0,2108.5,2155.2,2157.85,2150.11,2891422,6216881349.0,109314,1224571,42.35,5,2019,2282.030673465189,0.012124765478424004,Slight positive
493,TCS,EQ,7-May-19,2157.85,2160.05,2184.35,2138.8,2154.0,2151.95,2163.53,2201698,4763441090.0,86096,975603,44.31,5,2019,2281.760687564598,-0.0027342030261603423,Slight positive
494,TCS,EQ,8-May-19,2151.95,2151.0,2168.0,2130.4,2156.0,2152.85,2151.85,1824895,3926902425.0,77713,781526,42.83,5,2019,2281.53930119227,0.0004182253305142769,Slight positive
495,TCS,EQ,9-May-19,2152.85,2145.0,2184.1,2136.1,2171.2,2172.55,2166.98,2264162,4906404979.0,106297,1251459,55.27,5,2019,2281.307566499427,0.009150660752026418,Slight positive
496,TCS,EQ,10-May-19,2172.55,2175.0,2192.0,2125.85,2130.25,2135.8,2161.83,2039633,4409349006.0,85446,873181,42.81,5,2019,2281.0293990799355,-0.0169156060850153,Slight positive
497,TCS,EQ,13-May-19,2135.8,2133.0,2167.0,2121.65,2134.0,2128.75,2143.87,1701744,3648325263.0,74014,677242,39.8,5,2019,2280.7868990005036,-0.0033008708680588583,Slight positive
